nombreMunicipio;idMunicipio;nombreDept;idDept;cantPersonas;coronavirus;confirmados;regiones
PUERTO NARIÑO;91540;AMAZONAS;91;7896;SI;159;RegiÃ³n Centro Sur
LETICIA;91001;AMAZONAS;91;42844;SI;4248;RegiÃ³n Centro Sur
TARAPACÁ;91798;AMAZONAS;91;3179;SI;23;RegiÃ³n Centro Sur
EL ENCANTO;91263;AMAZONAS;91;1885;SI;1;RegiÃ³n Centro Sur
PUERTO ARICA;91536;AMAZONAS;91;794;NO;0;RegiÃ³n Centro Sur
PUERTO ALEGRÍA;91530;AMAZONAS;91;681;NO;0;RegiÃ³n Centro Sur
LA PEDRERA;91407;AMAZONAS;91;3781;SI;79;RegiÃ³n Centro Sur
LA CHORRERA;91405;AMAZONAS;91;2357;SI;14;RegiÃ³n Centro Sur
SANTANDER (Araracuara);91669;AMAZONAS;91;1450;SI;7;RegiÃ³n Centro Sur
MIRITÍ-PARANÁ (Campoamor);91460;AMAZONAS;91;1023;NO;0;RegiÃ³n Centro Sur
LA VICTORIA (Pacoa);91430;AMAZONAS;91;166;NO;0;RegiÃ³n Centro Sur
ABEJORRAL;5002;ANTIOQUIA;5;17599;SI;219;RegiÃ³n Eje Cafetero - Antioquia
ABRIAQUÍ;5004;ANTIOQUIA;5;2159;SI;28;RegiÃ³n Eje Cafetero - Antioquia
ALEJANDRÍA;5021;ANTIOQUIA;5;3839;SI;61;RegiÃ³n Eje Cafetero - Antioquia
AMAGÁ;5030;ANTIOQUIA;5;26821;SI;581;RegiÃ³n Eje Cafetero - Antioquia
ANDES;5034;ANTIOQUIA;5;38144;SI;555;RegiÃ³n Eje Cafetero - Antioquia
ANGELÓPOLIS;5036;ANTIOQUIA;5;5027;SI;56;RegiÃ³n Eje Cafetero - Antioquia
ANGOSTURA;5038;ANTIOQUIA;5;10500;SI;48;RegiÃ³n Eje Cafetero - Antioquia
ANORÍ;5040;ANTIOQUIA;5;14502;SI;135;RegiÃ³n Eje Cafetero - Antioquia
ANZÁ;5044;ANTIOQUIA;5;6388;SI;64;RegiÃ³n Eje Cafetero - Antioquia
ARGELIA;5055;ANTIOQUIA;5;6752;SI;53;RegiÃ³n Eje Cafetero - Antioquia
ARMENIA;5059;ANTIOQUIA;5;3819;SI;66;RegiÃ³n Eje Cafetero - Antioquia
BETANIA;5091;ANTIOQUIA;5;8589;SI;114;RegiÃ³n Eje Cafetero - Antioquia
BETULIA;5093;ANTIOQUIA;5;15097;SI;100;RegiÃ³n Eje Cafetero - Antioquia
CIUDAD BOLÍVAR;5101;ANTIOQUIA;5;23361;SI;479;RegiÃ³n Eje Cafetero - Antioquia
BRICEÑO;5107;ANTIOQUIA;5;5946;SI;87;RegiÃ³n Eje Cafetero - Antioquia
BURITICÁ;5113;ANTIOQUIA;5;7409;SI;703;RegiÃ³n Eje Cafetero - Antioquia
CÁCERES;5120;ANTIOQUIA;5;26460;SI;199;RegiÃ³n Eje Cafetero - Antioquia
CAICEDO;5125;ANTIOQUIA;5;7018;SI;89;RegiÃ³n Eje Cafetero - Antioquia
CAMPAMENTO;5134;ANTIOQUIA;5;7432;SI;40;RegiÃ³n Eje Cafetero - Antioquia
CARACOLÍ;5142;ANTIOQUIA;5;3967;SI;38;RegiÃ³n Eje Cafetero - Antioquia
CARAMANTA;5145;ANTIOQUIA;5;4269;SI;23;RegiÃ³n Eje Cafetero - Antioquia
EL CARMEN DE VIBORAL;5148;ANTIOQUIA;5;53949;SI;2199;RegiÃ³n Eje Cafetero - Antioquia
CAROLINA;5150;ANTIOQUIA;5;3343;SI;47;RegiÃ³n Eje Cafetero - Antioquia
CHIGORODÓ;5172;ANTIOQUIA;5;55564;SI;1045;RegiÃ³n Eje Cafetero - Antioquia
CISNEROS;5190;ANTIOQUIA;5;8910;SI;172;RegiÃ³n Eje Cafetero - Antioquia
COCORNÁ;5197;ANTIOQUIA;5;14743;SI;199;RegiÃ³n Eje Cafetero - Antioquia
CONCEPCIÓN;5206;ANTIOQUIA;5;3936;SI;71;RegiÃ³n Eje Cafetero - Antioquia
CONCORDIA;5209;ANTIOQUIA;5;16095;SI;86;RegiÃ³n Eje Cafetero - Antioquia
DON MATÍAS;5237;ANTIOQUIA;5;14208;SI;848;RegiÃ³n Eje Cafetero - Antioquia
EL BAGRE;5250;ANTIOQUIA;5;47642;SI;679;RegiÃ³n Eje Cafetero - Antioquia
ENTRERRIOS;5264;ANTIOQUIA;5;8820;SI;283;RegiÃ³n Eje Cafetero - Antioquia
FREDONIA;5282;ANTIOQUIA;5;18790;SI;288;RegiÃ³n Eje Cafetero - Antioquia
FRONTINO;5284;ANTIOQUIA;5;20156;SI;131;RegiÃ³n Eje Cafetero - Antioquia
GIRALDO;5306;ANTIOQUIA;5;5057;SI;170;RegiÃ³n Eje Cafetero - Antioquia
GRANADA;5313;ANTIOQUIA;5;9204;SI;48;RegiÃ³n Eje Cafetero - Antioquia
GUARNE;5318;ANTIOQUIA;5;42500;SI;2059;RegiÃ³n Eje Cafetero - Antioquia
GUATAPÉ;5321;ANTIOQUIA;5;7038;SI;159;RegiÃ³n Eje Cafetero - Antioquia
HELICONIA;5347;ANTIOQUIA;5;4709;SI;84;RegiÃ³n Eje Cafetero - Antioquia
HISPANIA;5353;ANTIOQUIA;5;4950;SI;110;RegiÃ³n Eje Cafetero - Antioquia
ITUANGO;5361;ANTIOQUIA;5;23784;SI;1119;RegiÃ³n Eje Cafetero - Antioquia
JERICÓ;5368;ANTIOQUIA;5;11257;SI;200;RegiÃ³n Eje Cafetero - Antioquia
LA PINTADA;5390;ANTIOQUIA;5;7974;SI;177;RegiÃ³n Eje Cafetero - Antioquia
LA UNIÓN;5400;ANTIOQUIA;5;20769;SI;888;RegiÃ³n Eje Cafetero - Antioquia
MACEO;5425;ANTIOQUIA;5;7297;SI;94;RegiÃ³n Eje Cafetero - Antioquia
MARINILLA;5440;ANTIOQUIA;5;55230;SI;2566;RegiÃ³n Eje Cafetero - Antioquia
MONTEBELLO;5467;ANTIOQUIA;5;5881;SI;69;RegiÃ³n Eje Cafetero - Antioquia
NARIÑO;5483;ANTIOQUIA;5;8603;SI;76;RegiÃ³n Eje Cafetero - Antioquia
NECHÍ;5495;ANTIOQUIA;5;24066;SI;168;RegiÃ³n Eje Cafetero - Antioquia
OLAYA;5501;ANTIOQUIA;5;2719;SI;59;RegiÃ³n Eje Cafetero - Antioquia
PEÑOL;5541;ANTIOQUIA;5;18010;SI;298;RegiÃ³n Eje Cafetero - Antioquia
PEQUE;5543;ANTIOQUIA;5;7155;SI;205;RegiÃ³n Eje Cafetero - Antioquia
PUEBLORRICO;5576;ANTIOQUIA;5;7202;SI;107;RegiÃ³n Eje Cafetero - Antioquia
PUERTO BERRÍO;5579;ANTIOQUIA;5;36801;SI;1012;RegiÃ³n Eje Cafetero - Antioquia
PUERTO NARE;5585;ANTIOQUIA;5;12161;SI;239;RegiÃ³n Eje Cafetero - Antioquia
PUERTO TRIUNFO;5591;ANTIOQUIA;5;17231;SI;249;RegiÃ³n Eje Cafetero - Antioquia
REMEDIOS;5604;ANTIOQUIA;5;22530;SI;534;RegiÃ³n Eje Cafetero - Antioquia
RETIRO;5607;ANTIOQUIA;5;20700;SI;965;RegiÃ³n Eje Cafetero - Antioquia
SABANALARGA;5628;ANTIOQUIA;5;7833;SI;47;RegiÃ³n Eje Cafetero - Antioquia
SALGAR;5642;ANTIOQUIA;5;15782;SI;225;RegiÃ³n Eje Cafetero - Antioquia
SAN ANDRÈS;5647;ANTIOQUIA;5;6295;SI;106;RegiÃ³n Eje Cafetero - Antioquia
SAN CARLOS;5649;ANTIOQUIA;5;14480;SI;177;RegiÃ³n Eje Cafetero - Antioquia
SAN FRANCISCO;5652;ANTIOQUIA;5;5365;SI;57;RegiÃ³n Eje Cafetero - Antioquia
SAN JOSÉ DE LA MONTAÑA;5658;ANTIOQUIA;5;2952;SI;31;RegiÃ³n Eje Cafetero - Antioquia
SAN JUAN DE URABÁ;5659;ANTIOQUIA;5;19992;SI;88;RegiÃ³n Eje Cafetero - Antioquia
SAN LUIS;5660;ANTIOQUIA;5;11120;SI;202;RegiÃ³n Eje Cafetero - Antioquia
SAN PEDRO;5664;ANTIOQUIA;5;17119;SI;440;RegiÃ³n Eje Cafetero - Antioquia
SAN PEDRO DE URABA;5665;ANTIOQUIA;5;30527;SI;219;RegiÃ³n Eje Cafetero - Antioquia
SAN RAFAEL;5667;ANTIOQUIA;5;12578;SI;97;RegiÃ³n Eje Cafetero - Antioquia
SAN ROQUE;5670;ANTIOQUIA;5;17792;SI;266;RegiÃ³n Eje Cafetero - Antioquia
SAN VICENTE;5674;ANTIOQUIA;5;18051;SI;312;RegiÃ³n Eje Cafetero - Antioquia
SANTA BÁRBARA;5679;ANTIOQUIA;5;22030;SI;340;RegiÃ³n Eje Cafetero - Antioquia
SANTUARIO;5697;ANTIOQUIA;5;30311;SI;919;RegiÃ³n Eje Cafetero - Antioquia
SEGOVIA;5736;ANTIOQUIA;5;33690;SI;1012;RegiÃ³n Eje Cafetero - Antioquia
SONSÓN;5756;ANTIOQUIA;5;31861;SI;405;RegiÃ³n Eje Cafetero - Antioquia
SOPETRÁN;5761;ANTIOQUIA;5;13748;SI;314;RegiÃ³n Eje Cafetero - Antioquia
TÁMESIS;5789;ANTIOQUIA;5;15012;SI;156;RegiÃ³n Eje Cafetero - Antioquia
TARAZÁ;5790;ANTIOQUIA;5;22826;SI;382;RegiÃ³n Eje Cafetero - Antioquia
TARSO;5792;ANTIOQUIA;5;5663;SI;108;RegiÃ³n Eje Cafetero - Antioquia
TITIRIBÍ;5809;ANTIOQUIA;5;8316;SI;100;RegiÃ³n Eje Cafetero - Antioquia
URAMITA;5842;ANTIOQUIA;5;6523;SI;117;RegiÃ³n Eje Cafetero - Antioquia
VALDIVIA;5854;ANTIOQUIA;5;11511;SI;110;RegiÃ³n Eje Cafetero - Antioquia
VALPARAÍSO;5856;ANTIOQUIA;5;5431;SI;42;RegiÃ³n Eje Cafetero - Antioquia
VEGACHÍ;5858;ANTIOQUIA;5;11134;SI;221;RegiÃ³n Eje Cafetero - Antioquia
VENECIA;5861;ANTIOQUIA;5;10280;SI;151;RegiÃ³n Eje Cafetero - Antioquia
YALI;5885;ANTIOQUIA;5;6234;SI;28;RegiÃ³n Eje Cafetero - Antioquia
YARUMAL;5887;ANTIOQUIA;5;36337;SI;939;RegiÃ³n Eje Cafetero - Antioquia
YOLOMBÓ;5890;ANTIOQUIA;5;19010;SI;300;RegiÃ³n Eje Cafetero - Antioquia
ZARAGOZA;5895;ANTIOQUIA;5;24067;SI;198;RegiÃ³n Eje Cafetero - Antioquia
RIONEGRO;5615;ANTIOQUIA;5;116400;SI;11444;RegiÃ³n Eje Cafetero - Antioquia
MEDELLÍN;5001;ANTIOQUIA;5;2372330;SI;189529;RegiÃ³n Eje Cafetero - Antioquia
EBÉJICO;5240;ANTIOQUIA;5;10338;SI;88;RegiÃ³n Eje Cafetero - Antioquia
COPACABANA;5212;ANTIOQUIA;5;76479;SI;4507;RegiÃ³n Eje Cafetero - Antioquia
BELLO;5088;ANTIOQUIA;5;481901;SI;27990;RegiÃ³n Eje Cafetero - Antioquia
GIRARDOTA;5308;ANTIOQUIA;5;49045;SI;2283;RegiÃ³n Eje Cafetero - Antioquia
SABANETA;5631;ANTIOQUIA;5;81797;SI;6376;RegiÃ³n Eje Cafetero - Antioquia
LA ESTRELLA;5380;ANTIOQUIA;5;67881;SI;3897;RegiÃ³n Eje Cafetero - Antioquia
ENVIGADO;5266;ANTIOQUIA;5;212437;SI;17082;RegiÃ³n Eje Cafetero - Antioquia
ITAGÜÍ;5360;ANTIOQUIA;5;263332;SI;18467;RegiÃ³n Eje Cafetero - Antioquia
JARDÍN;5364;ANTIOQUIA;5;13541;SI;250;RegiÃ³n Eje Cafetero - Antioquia
LA CEJA;5376;ANTIOQUIA;5;59386;SI;3191;RegiÃ³n Eje Cafetero - Antioquia
CALDAS;5129;ANTIOQUIA;5;76260;SI;6858;RegiÃ³n Eje Cafetero - Antioquia
SAN JERÓNIMO;5656;ANTIOQUIA;5;13158;SI;226;RegiÃ³n Eje Cafetero - Antioquia
BARBOSA;5079;ANTIOQUIA;5;44757;SI;1308;RegiÃ³n Eje Cafetero - Antioquia
SANTO DOMINGO;5690;ANTIOQUIA;5;9786;SI;174;RegiÃ³n Eje Cafetero - Antioquia
URRAO;5847;ANTIOQUIA;5;29004;SI;610;RegiÃ³n Eje Cafetero - Antioquia
SANTA FE DE ANTIOQUIA;5042;ANTIOQUIA;5;23216;SI;855;RegiÃ³n Eje Cafetero - Antioquia
BELMIRA;5086;ANTIOQUIA;5;5349;SI;43;RegiÃ³n Eje Cafetero - Antioquia
LIBORINA;5411;ANTIOQUIA;5;7928;SI;87;RegiÃ³n Eje Cafetero - Antioquia
VIGIA DEL FUERTE;5873;ANTIOQUIA;5;8139;SI;86;RegiÃ³n Eje Cafetero - Antioquia
GÓMEZ PLATA;5310;ANTIOQUIA;5;8235;SI;83;RegiÃ³n Eje Cafetero - Antioquia
SANTA ROSA DE OSOS;5686;ANTIOQUIA;5;31067;SI;1267;RegiÃ³n Eje Cafetero - Antioquia
GUADALUPE;5315;ANTIOQUIA;5;5452;SI;37;RegiÃ³n Eje Cafetero - Antioquia
CAÑASGORDAS;5138;ANTIOQUIA;5;13595;SI;151;RegiÃ³n Eje Cafetero - Antioquia
MURINDÓ;5475;ANTIOQUIA;5;4642;SI;86;RegiÃ³n Eje Cafetero - Antioquia
TOLEDO;5819;ANTIOQUIA;5;4930;SI;58;RegiÃ³n Eje Cafetero - Antioquia
DABEIBA;5234;ANTIOQUIA;5;22717;SI;369;RegiÃ³n Eje Cafetero - Antioquia
AMALFI;5031;ANTIOQUIA;5;20265;SI;235;RegiÃ³n Eje Cafetero - Antioquia
YONDÓ (Casabe);5893;ANTIOQUIA;5;17597;SI;278;RegiÃ³n Eje Cafetero - Antioquia
MUTATÁ;5480;ANTIOQUIA;5;12607;SI;173;RegiÃ³n Eje Cafetero - Antioquia
CAREPA;5147;ANTIOQUIA;5;45936;SI;1501;RegiÃ³n Eje Cafetero - Antioquia
APARTADÓ;5045;ANTIOQUIA;5;113469;SI;5446;RegiÃ³n Eje Cafetero - Antioquia
CAUCASIA;5154;ANTIOQUIA;5;84717;SI;1150;RegiÃ³n Eje Cafetero - Antioquia
TURBO;5837;ANTIOQUIA;5;114434;SI;1708;RegiÃ³n Eje Cafetero - Antioquia
NECOCLÍ;5490;ANTIOQUIA;5;38420;SI;446;RegiÃ³n Eje Cafetero - Antioquia
ARBOLETES;5051;ANTIOQUIA;5;26289;SI;367;RegiÃ³n Eje Cafetero - Antioquia
CRAVO NORTE;81220;ARAUCA;81;3644;SI;31;RegiÃ³n Llano
FORTUL;81300;ARAUCA;81;17492;SI;162;RegiÃ³n Llano
TAME;81794;ARAUCA;81;40311;SI;647;RegiÃ³n Llano
PUERTO RONDÓN;81591;ARAUCA;81;4169;SI;55;RegiÃ³n Llano
ARAUQUITA;81065;ARAUCA;81;45268;SI;497;RegiÃ³n Llano
SARAVENA;81736;ARAUCA;81;52884;SI;1158;RegiÃ³n Llano
ARAUCA;81001;ARAUCA;81;75735;SI;2965;RegiÃ³n Llano
SAN ANDRÉS;88001;ARCHIPIÉLAGO DE SAN ANDRÉS, PROVIDENCIA Y SANTA CATALINA;88;43754;SI;2544;RegiÃ³n Caribe
PROVIDENCIA (Santa Isabel);88564;ARCHIPIÉLAGO DE SAN ANDRÉS, PROVIDENCIA Y SANTA CATALINA;88;4545;SI;152;RegiÃ³n Caribe
BARRANQUILLA;8001;ATLÁNTICO;8;1120103;SI;73846;RegiÃ³n Caribe
BARANOA;8078;ATLÁNTICO;8;61527;SI;2942;RegiÃ³n Caribe
CAMPO DE LA CRUZ;8137;ATLÁNTICO;8;22810;SI;413;RegiÃ³n Caribe
CANDELARIA;8141;ATLÁNTICO;8;15631;SI;308;RegiÃ³n Caribe
GALAPA;8296;ATLÁNTICO;8;55123;SI;2517;RegiÃ³n Caribe
JUAN DE ACOSTA;8372;ATLÁNTICO;8;18828;SI;520;RegiÃ³n Caribe
LURUACO;8421;ATLÁNTICO;8;27647;SI;466;RegiÃ³n Caribe
MALAMBO;8433;ATLÁNTICO;8;119920;SI;3805;RegiÃ³n Caribe
MANATÍ;8436;ATLÁNTICO;8;19233;SI;422;RegiÃ³n Caribe
PALMAR DE VARELA;8520;ATLÁNTICO;8;27098;SI;913;RegiÃ³n Caribe
PIOJÓ;8549;ATLÁNTICO;8;5636;SI;117;RegiÃ³n Caribe
POLONUEVO;8558;ATLÁNTICO;8;16222;SI;716;RegiÃ³n Caribe
PONEDERA;8560;ATLÁNTICO;8;23420;SI;409;RegiÃ³n Caribe
PUERTO COLOMBIA;8573;ATLÁNTICO;8;47899;SI;2610;RegiÃ³n Caribe
REPELÓN;8606;ATLÁNTICO;8;25467;SI;376;RegiÃ³n Caribe
SABANAGRANDE;8634;ATLÁNTICO;8;32026;SI;971;RegiÃ³n Caribe
SABANALARGA;8638;ATLÁNTICO;8;92480;SI;4121;RegiÃ³n Caribe
SANTA LUCÍA;8675;ATLÁNTICO;8;12650;SI;294;RegiÃ³n Caribe
SANTO TOMÁS;8685;ATLÁNTICO;8;28693;SI;1268;RegiÃ³n Caribe
SOLEDAD;8758;ATLÁNTICO;8;535984;SI;22679;RegiÃ³n Caribe
SUAN;8770;ATLÁNTICO;8;11607;SI;250;RegiÃ³n Caribe
TUBARÁ;8832;ATLÁNTICO;8;12718;SI;565;RegiÃ³n Caribe
USIACURÍ;8849;ATLÁNTICO;8;9543;SI;351;RegiÃ³n Caribe
BOGOTÁ, D.C.;11001;BOGOTÁ, D.C.;11;7181469;SI;647597;RegiÃ³n Centro Oriente
ACHÍ;13006;BOLÍVAR;13;18879;SI;95;RegiÃ³n Caribe
ALTOS DEL ROSARIO;13030;BOLÍVAR;13;9009;SI;37;RegiÃ³n Caribe
ARENAL;13042;BOLÍVAR;13;7169;SI;70;RegiÃ³n Caribe
ARJONA;13052;BOLÍVAR;13;67118;SI;604;RegiÃ³n Caribe
ARROYOHONDO;13062;BOLÍVAR;13;8058;SI;23;RegiÃ³n Caribe
BARRANCO DE LOBA;13074;BOLÍVAR;13;14435;SI;77;RegiÃ³n Caribe
CALAMAR;13140;BOLÍVAR;13;22202;SI;141;RegiÃ³n Caribe
CANTAGALLO;13160;BOLÍVAR;13;6874;SI;130;RegiÃ³n Caribe
CICUCO;13188;BOLÍVAR;13;13120;SI;177;RegiÃ³n Caribe
CÓRDOBA;13212;BOLÍVAR;13;15012;SI;330;RegiÃ³n Caribe
CLEMENCIA;13222;BOLÍVAR;13;13821;SI;84;RegiÃ³n Caribe
EL CARMEN DE BOLÍVAR;13244;BOLÍVAR;13;67461;SI;556;RegiÃ³n Caribe
EL GUAMO;13248;BOLÍVAR;13;7861;SI;48;RegiÃ³n Caribe
EL PEÑON;13268;BOLÍVAR;13;7234;SI;23;RegiÃ³n Caribe
HATILLO DE LOBA;13300;BOLÍVAR;13;11770;SI;30;RegiÃ³n Caribe
MAGANGUÉ;13430;BOLÍVAR;13;128003;SI;1899;RegiÃ³n Caribe
MAHATES;13433;BOLÍVAR;13;26075;SI;161;RegiÃ³n Caribe
MARGARITA;13440;BOLÍVAR;13;9720;SI;27;RegiÃ³n Caribe
MARIA LA BAJA;13442;BOLÍVAR;13;45324;SI;116;RegiÃ³n Caribe
MONTECRISTO;13458;BOLÍVAR;13;13470;SI;37;RegiÃ³n Caribe
MOMPÓS;13468;BOLÍVAR;13;43217;SI;435;RegiÃ³n Caribe
MORALES;13473;BOLÍVAR;13;18678;SI;34;RegiÃ³n Caribe
NOROSI;13490;BOLÍVAR;13;7899;SI;50;RegiÃ³n Caribe
PINILLOS;13549;BOLÍVAR;13;23349;SI;115;RegiÃ³n Caribe
REGIDOR;13580;BOLÍVAR;13;5335;SI;21;RegiÃ³n Caribe
RIOVIEJO;13600;BOLÍVAR;13;8125;SI;97;RegiÃ³n Caribe
SAN CRISTÓBAL;13620;BOLÍVAR;13;7454;SI;115;RegiÃ³n Caribe
SAN ESTANISLAO;13647;BOLÍVAR;13;16518;SI;47;RegiÃ³n Caribe
SAN JACINTO;13654;BOLÍVAR;13;23576;SI;205;RegiÃ³n Caribe
SAN JACINTO DEL CAUCA;13655;BOLÍVAR;13;8079;SI;36;RegiÃ³n Caribe
SAN JUAN NEPOMUCENO;13657;BOLÍVAR;13;35438;SI;467;RegiÃ³n Caribe
SAN MARTÍN DE LOBA;13667;BOLÍVAR;13;14504;SI;33;RegiÃ³n Caribe
SAN PABLO;13670;BOLÍVAR;13;24669;SI;158;RegiÃ³n Caribe
SANTA CATALINA;13673;BOLÍVAR;13;14039;SI;56;RegiÃ³n Caribe
SANTA ROSA;13683;BOLÍVAR;13;18375;SI;190;RegiÃ³n Caribe
SANTA ROSA DEL SUR;13688;BOLÍVAR;13;27825;SI;529;RegiÃ³n Caribe
SIMITÍ;13744;BOLÍVAR;13;15353;SI;129;RegiÃ³n Caribe
SOPLAVIENTO;13760;BOLÍVAR;13;9187;SI;91;RegiÃ³n Caribe
TALAIGUA NUEVO;13780;BOLÍVAR;13;12845;SI;139;RegiÃ³n Caribe
TIQUISO;13810;BOLÍVAR;13;17939;SI;112;RegiÃ³n Caribe
TURBACO;13836;BOLÍVAR;13;98667;SI;1821;RegiÃ³n Caribe
TURBANA;13838;BOLÍVAR;13;15550;SI;149;RegiÃ³n Caribe
VILLANUEVA;13873;BOLÍVAR;13;21135;SI;186;RegiÃ³n Caribe
ZAMBRANO;13894;BOLÍVAR;13;11367;SI;83;RegiÃ³n Caribe
CARTAGENA DE INDIAS;13001;BOLÍVAR;13;887946;SI;56188;RegiÃ³n Caribe
SAN FERNANDO;13650;BOLÍVAR;13;9776;SI;8;RegiÃ³n Caribe
ALMEIDA;15022;BOYACÁ;15;1582;SI;29;RegiÃ³n Centro Oriente
AQUITANIA;15047;BOYACÁ;15;13860;SI;130;RegiÃ³n Centro Oriente
ARCABUCO;15051;BOYACÁ;15;5465;SI;86;RegiÃ³n Centro Oriente
BELÉN;15087;BOYACÁ;15;7322;SI;144;RegiÃ³n Centro Oriente
BERBEO;15090;BOYACÁ;15;1453;SI;8;RegiÃ³n Centro Oriente
BETÉITIVA;15092;BOYACÁ;15;1895;SI;9;RegiÃ³n Centro Oriente
BOAVITA;15097;BOYACÁ;15;5024;SI;90;RegiÃ³n Centro Oriente
BOYACÁ;15104;BOYACÁ;15;4472;SI;33;RegiÃ³n Centro Oriente
BRICEÑO;15106;BOYACÁ;15;2054;SI;18;RegiÃ³n Centro Oriente
BUENAVISTA;15109;BOYACÁ;15;4240;SI;49;RegiÃ³n Centro Oriente
BUSBANZÁ;15114;BOYACÁ;15;903;SI;9;RegiÃ³n Centro Oriente
CALDAS;15131;BOYACÁ;15;3086;SI;33;RegiÃ³n Centro Oriente
CAMPOHERMOSO;15135;BOYACÁ;15;2705;NO;0;RegiÃ³n Centro Oriente
CERINZA;15162;BOYACÁ;15;3636;SI;44;RegiÃ³n Centro Oriente
CHINAVITA;15172;BOYACÁ;15;2842;SI;16;RegiÃ³n Centro Oriente
CHIQUINQUIRÁ;15176;BOYACÁ;15;52321;SI;2252;RegiÃ³n Centro Oriente
CHISCAS;15180;BOYACÁ;15;3587;SI;7;RegiÃ³n Centro Oriente
CHITA;15183;BOYACÁ;15;7778;SI;58;RegiÃ³n Centro Oriente
CHITARAQUE;15185;BOYACÁ;15;5013;SI;62;RegiÃ³n Centro Oriente
CHIVATÁ;15187;BOYACÁ;15;2783;SI;17;RegiÃ³n Centro Oriente
CIÉNEGA;15189;BOYACÁ;15;4492;SI;28;RegiÃ³n Centro Oriente
COMBITA;15204;BOYACÁ;15;12636;SI;1055;RegiÃ³n Centro Oriente
COPER;15212;BOYACÁ;15;3019;SI;27;RegiÃ³n Centro Oriente
CORRALES;15215;BOYACÁ;15;2479;SI;24;RegiÃ³n Centro Oriente
COVARACHIA;15218;BOYACÁ;15;2628;SI;43;RegiÃ³n Centro Oriente
CUBARÁ;15223;BOYACÁ;15;10164;SI;101;RegiÃ³n Centro Oriente
CUCAITA;15224;BOYACÁ;15;3375;SI;48;RegiÃ³n Centro Oriente
CUÌTIVA;15226;BOYACÁ;15;1628;SI;22;RegiÃ³n Centro Oriente
CHÍQUIZA;15232;BOYACÁ;15;4347;SI;42;RegiÃ³n Centro Oriente
CHIVOR;15236;BOYACÁ;15;1669;SI;17;RegiÃ³n Centro Oriente
DUITAMA;15238;BOYACÁ;15;117606;SI;7847;RegiÃ³n Centro Oriente
EL COCUY;15244;BOYACÁ;15;3999;SI;44;RegiÃ³n Centro Oriente
EL ESPINO;15248;BOYACÁ;15;2715;SI;20;RegiÃ³n Centro Oriente
FIRAVITOBA;15272;BOYACÁ;15;6523;SI;87;RegiÃ³n Centro Oriente
FLORESTA;15276;BOYACÁ;15;3186;SI;22;RegiÃ³n Centro Oriente
GACHANTIVÁ;15293;BOYACÁ;15;2744;SI;55;RegiÃ³n Centro Oriente
GAMEZA;15296;BOYACÁ;15;4395;SI;27;RegiÃ³n Centro Oriente
GARAGOA;15299;BOYACÁ;15;14145;SI;312;RegiÃ³n Centro Oriente
GUACAMAYAS;15317;BOYACÁ;15;1790;SI;14;RegiÃ³n Centro Oriente
GUATEQUE;15322;BOYACÁ;15;8123;SI;328;RegiÃ³n Centro Oriente
GUAYATÁ;15325;BOYACÁ;15;3112;SI;19;RegiÃ³n Centro Oriente
GÜICÁN;15332;BOYACÁ;15;3921;SI;2;RegiÃ³n Centro Oriente
IZA;15362;BOYACÁ;15;1944;SI;41;RegiÃ³n Centro Oriente
JENESANO;15367;BOYACÁ;15;6333;SI;45;RegiÃ³n Centro Oriente
JERICÓ;15368;BOYACÁ;15;3540;SI;18;RegiÃ³n Centro Oriente
LABRANZA GRANDE;15377;BOYACÁ;15;3075;SI;3;RegiÃ³n Centro Oriente
LA CAPILLA;15380;BOYACÁ;15;2300;SI;20;RegiÃ³n Centro Oriente
LA VICTORIA;15401;BOYACÁ;15;956;SI;18;RegiÃ³n Centro Oriente
LA UVITA;15403;BOYACÁ;15;2872;SI;124;RegiÃ³n Centro Oriente
VILLA DE LEYVA;15407;BOYACÁ;15;14406;SI;403;RegiÃ³n Centro Oriente
MACANAL;15425;BOYACÁ;15;3568;SI;21;RegiÃ³n Centro Oriente
MARIPÍ;15442;BOYACÁ;15;5354;SI;65;RegiÃ³n Centro Oriente
MIRAFLORES;15455;BOYACÁ;15;8274;SI;114;RegiÃ³n Centro Oriente
MONGUA;15464;BOYACÁ;15;4300;SI;45;RegiÃ³n Centro Oriente
MONGUÌ;15466;BOYACÁ;15;3895;SI;97;RegiÃ³n Centro Oriente
MONIQUIRA;15469;BOYACÁ;15;20848;SI;788;RegiÃ³n Centro Oriente
MOTAVITA;15476;BOYACÁ;15;5253;SI;95;RegiÃ³n Centro Oriente
MUZO;15480;BOYACÁ;15;8323;SI;230;RegiÃ³n Centro Oriente
NUEVO COLÓN;15494;BOYACÁ;15;5025;SI;31;RegiÃ³n Centro Oriente
OICATA;15500;BOYACÁ;15;2797;SI;37;RegiÃ³n Centro Oriente
OTANCHE;15507;BOYACÁ;15;6997;SI;82;RegiÃ³n Centro Oriente
PACHAVITA;15511;BOYACÁ;15;2275;SI;10;RegiÃ³n Centro Oriente
PÁEZ;15514;BOYACÁ;15;2930;SI;6;RegiÃ³n Centro Oriente
PAIPA;15516;BOYACÁ;15;31141;SI;1378;RegiÃ³n Centro Oriente
PAJARITO;15518;BOYACÁ;15;1941;SI;32;RegiÃ³n Centro Oriente
PANQUEBA;15522;BOYACÁ;15;1644;SI;9;RegiÃ³n Centro Oriente
PAUNA;15531;BOYACÁ;15;6355;SI;52;RegiÃ³n Centro Oriente
PAYA;15533;BOYACÁ;15;2061;SI;3;RegiÃ³n Centro Oriente
PAZ DE RÍO;15537;BOYACÁ;15;4047;SI;76;RegiÃ³n Centro Oriente
PESCA;15542;BOYACÁ;15;6604;SI;71;RegiÃ³n Centro Oriente
PISBA;15550;BOYACÁ;15;1582;SI;3;RegiÃ³n Centro Oriente
PUERTO BOYACÁ;15572;BOYACÁ;15;44784;SI;1976;RegiÃ³n Centro Oriente
QUÍPAMA;15580;BOYACÁ;15;4194;SI;107;RegiÃ³n Centro Oriente
RAMIRIQUÍ;15599;BOYACÁ;15;8889;SI;230;RegiÃ³n Centro Oriente
RÁQUIRA;15600;BOYACÁ;15;7312;SI;53;RegiÃ³n Centro Oriente
RONDÓN;15621;BOYACÁ;15;2230;SI;4;RegiÃ³n Centro Oriente
SABOYÁ;15632;BOYACÁ;15;11161;SI;87;RegiÃ³n Centro Oriente
SÁCHICA;15638;BOYACÁ;15;4823;SI;72;RegiÃ³n Centro Oriente
SAMACÁ;15646;BOYACÁ;15;17542;SI;615;RegiÃ³n Centro Oriente
SAN EDUARDO;15660;BOYACÁ;15;1572;SI;10;RegiÃ³n Centro Oriente
SAN JOSÉ DE PARE;15664;BOYACÁ;15;4658;SI;70;RegiÃ³n Centro Oriente
SAN LUIS DE GACENO;15667;BOYACÁ;15;4551;SI;45;RegiÃ³n Centro Oriente
SAN MATEO;15673;BOYACÁ;15;3307;SI;14;RegiÃ³n Centro Oriente
SAN MIGUEL DE SEMA;15676;BOYACÁ;15;2901;SI;16;RegiÃ³n Centro Oriente
SAN PABLO DE BORBUR;15681;BOYACÁ;15;5839;SI;92;RegiÃ³n Centro Oriente
SANTANA;15686;BOYACÁ;15;6826;SI;103;RegiÃ³n Centro Oriente
SANTA MARÍA;15690;BOYACÁ;15;3109;SI;84;RegiÃ³n Centro Oriente
SANTA ROSA DE VITERBO;15693;BOYACÁ;15;11329;SI;230;RegiÃ³n Centro Oriente
SANTA SOFÍA;15696;BOYACÁ;15;2959;SI;14;RegiÃ³n Centro Oriente
SATIVANORTE;15720;BOYACÁ;15;2026;SI;21;RegiÃ³n Centro Oriente
SATIVASUR;15723;BOYACÁ;15;1048;SI;2;RegiÃ³n Centro Oriente
SIACHOQUE;15740;BOYACÁ;15;6649;SI;60;RegiÃ³n Centro Oriente
SOATÁ;15753;BOYACÁ;15;8538;SI;312;RegiÃ³n Centro Oriente
SOCOTÁ;15755;BOYACÁ;15;7133;SI;48;RegiÃ³n Centro Oriente
SOCHA;15757;BOYACÁ;15;7509;SI;138;RegiÃ³n Centro Oriente
SOGAMOSO;15759;BOYACÁ;15;120462;SI;8314;RegiÃ³n Centro Oriente
SOMONDOCO;15761;BOYACÁ;15;2377;SI;23;RegiÃ³n Centro Oriente
SORA;15762;BOYACÁ;15;2586;SI;27;RegiÃ³n Centro Oriente
SOTAQUIRÁ;15763;BOYACÁ;15;7953;SI;45;RegiÃ³n Centro Oriente
SORACÁ;15764;BOYACÁ;15;5904;SI;63;RegiÃ³n Centro Oriente
SUSACÓN;15774;BOYACÁ;15;2555;SI;22;RegiÃ³n Centro Oriente
SUTAMARCHÀN;15776;BOYACÁ;15;5755;SI;88;RegiÃ³n Centro Oriente
SUTATENZA;15778;BOYACÁ;15;3501;SI;30;RegiÃ³n Centro Oriente
TASCO;15790;BOYACÁ;15;5150;SI;95;RegiÃ³n Centro Oriente
TENZA;15798;BOYACÁ;15;3461;SI;32;RegiÃ³n Centro Oriente
TIBANA;15804;BOYACÁ;15;7966;SI;58;RegiÃ³n Centro Oriente
TINJACÁ;15808;BOYACÁ;15;2869;SI;15;RegiÃ³n Centro Oriente
TIPACOQUE;15810;BOYACÁ;15;3154;SI;63;RegiÃ³n Centro Oriente
TOCA;15814;BOYACÁ;15;8707;SI;109;RegiÃ³n Centro Oriente
TOGÜÍ;15816;BOYACÁ;15;4224;SI;33;RegiÃ³n Centro Oriente
TÓPAGA;15820;BOYACÁ;15;3531;SI;69;RegiÃ³n Centro Oriente
TOTA;15822;BOYACÁ;15;4530;SI;55;RegiÃ³n Centro Oriente
TUNUNGUÁ;15832;BOYACÁ;15;1526;SI;19;RegiÃ³n Centro Oriente
TURMEQUÉ;15835;BOYACÁ;15;5856;SI;65;RegiÃ³n Centro Oriente
TUTA;15837;BOYACÁ;15;8154;SI;128;RegiÃ³n Centro Oriente
TUTAZÁ;15839;BOYACÁ;15;1794;SI;31;RegiÃ³n Centro Oriente
UMBITA;15842;BOYACÁ;15;6905;SI;33;RegiÃ³n Centro Oriente
VENTAQUEMADA;15861;BOYACÁ;15;13984;SI;151;RegiÃ³n Centro Oriente
VIRACACHÁ;15879;BOYACÁ;15;2582;SI;21;RegiÃ³n Centro Oriente
ZETAQUIRÁ;15897;BOYACÁ;15;4301;SI;23;RegiÃ³n Centro Oriente
TUNJA;15001;BOYACÁ;15;167991;SI;13118;RegiÃ³n Centro Oriente
NOBSA;15491;BOYACÁ;15;14651;SI;639;RegiÃ³n Centro Oriente
TIBASOSA;15806;BOYACÁ;15;11023;SI;229;RegiÃ³n Centro Oriente
MANIZALES;17001;CALDAS;17;400436;SI;32002;RegiÃ³n Caribe
AGUADAS;17013;CALDAS;17;20712;SI;269;RegiÃ³n Caribe
ANSERMA;17042;CALDAS;17;31811;SI;696;RegiÃ³n Caribe
ARANZAZU;17050;CALDAS;17;9854;SI;184;RegiÃ³n Caribe
BELALCÁZAR;17088;CALDAS;17;9690;SI;143;RegiÃ³n Caribe
CHINCHINÁ;17174;CALDAS;17;48484;SI;2038;RegiÃ³n Caribe
FILADELFIA;17272;CALDAS;17;9630;SI;76;RegiÃ³n Caribe
LA DORADA;17380;CALDAS;17;70802;SI;2816;RegiÃ³n Caribe
LA MERCED;17388;CALDAS;17;5325;SI;93;RegiÃ³n Caribe
MANZANARES;17433;CALDAS;17;16532;SI;341;RegiÃ³n Caribe
MARMATO;17442;CALDAS;17;8485;SI;445;RegiÃ³n Caribe
MARQUETALIA;17444;CALDAS;17;12146;SI;299;RegiÃ³n Caribe
MARULANDA;17446;CALDAS;17;2081;SI;44;RegiÃ³n Caribe
NEIRA;17486;CALDAS;17;20495;SI;371;RegiÃ³n Caribe
NORCASIA;17495;CALDAS;17;5949;SI;68;RegiÃ³n Caribe
PÁCORA;17513;CALDAS;17;13214;SI;393;RegiÃ³n Caribe
PALESTINA;17524;CALDAS;17;13560;SI;234;RegiÃ³n Caribe
PENSILVANIA;17541;CALDAS;17;17342;SI;264;RegiÃ³n Caribe
RISARALDA;17616;CALDAS;17;9840;SI;181;RegiÃ³n Caribe
SALAMINA;17653;CALDAS;17;16759;SI;197;RegiÃ³n Caribe
SAMANÁ;17662;CALDAS;17;17466;SI;232;RegiÃ³n Caribe
SAN JOSÉ;17665;CALDAS;17;4524;SI;58;RegiÃ³n Caribe
SUPIA;17777;CALDAS;17;26571;SI;579;RegiÃ³n Caribe
VICTORIA;17867;CALDAS;17;8172;SI;118;RegiÃ³n Caribe
VILLAMARIA;17873;CALDAS;17;62831;SI;2791;RegiÃ³n Caribe
VITERBO;17877;CALDAS;17;12432;SI;382;RegiÃ³n Caribe
RIOSUCIO;17614;CALDAS;17;48329;SI;827;RegiÃ³n Caribe
FLORENCIA;18001;CAQUETÁ;18;156789;SI;12562;RegiÃ³n Caribe
ALBANIA;18029;CAQUETÁ;18;4514;SI;204;RegiÃ³n Caribe
BELÉN DE LOS ANDAQUÍES;18094;CAQUETÁ;18;9075;SI;211;RegiÃ³n Caribe
EL DONCELLO;18247;CAQUETÁ;18;17775;SI;442;RegiÃ³n Eje Cafetero - Antioquia
EL PAUJIL;18256;CAQUETÁ;18;13014;SI;292;RegiÃ³n Eje Cafetero - Antioquia
LA MONTAÑITA;18410;CAQUETÁ;18;12128;SI;211;RegiÃ³n Eje Cafetero - Antioquia
MILÁN;18460;CAQUETÁ;18;7507;SI;119;RegiÃ³n Eje Cafetero - Antioquia
MORELIA;18479;CAQUETÁ;18;3350;SI;95;RegiÃ³n Eje Cafetero - Antioquia
PUERTO RICO;18592;CAQUETÁ;18;24395;SI;541;RegiÃ³n Eje Cafetero - Antioquia
SAN JOSÉ DEL FRAGUA;18610;CAQUETÁ;18;11364;SI;246;RegiÃ³n Eje Cafetero - Antioquia
VALPARAÍSO;18860;CAQUETÁ;18;6082;SI;88;RegiÃ³n Eje Cafetero - Antioquia
SOLITA;18785;CAQUETÁ;18;5431;SI;52;RegiÃ³n Eje Cafetero - Antioquia
CURILLO;18205;CAQUETÁ;18;7518;SI;136;RegiÃ³n Eje Cafetero - Antioquia
SOLANO;18756;CAQUETÁ;18;10331;SI;134;RegiÃ³n Eje Cafetero - Antioquia
CARTAGENA DEL CHAIRÁ;18150;CAQUETÁ;18;27939;SI;564;RegiÃ³n Eje Cafetero - Antioquia
SAN VICENTE DEL CAGUÁN;18753;CAQUETÁ;18;42390;SI;1052;RegiÃ³n Eje Cafetero - Antioquia
CHAMEZA;85015;CASANARE;85;2009;SI;58;RegiÃ³n Eje Cafetero - Antioquia
LA SALINA;85136;CASANARE;85;1227;SI;19;RegiÃ³n Eje Cafetero - Antioquia
MANÍ;85139;CASANARE;85;13291;SI;263;RegiÃ³n Eje Cafetero - Antioquia
NUNCHIA;85225;CASANARE;85;8469;SI;47;RegiÃ³n Eje Cafetero - Antioquia
OROCUÉ;85230;CASANARE;85;8142;SI;133;RegiÃ³n Eje Cafetero - Antioquia
PAZ DE ARIPORO;85250;CASANARE;85;34446;SI;342;RegiÃ³n Eje Cafetero - Antioquia
RECETOR;85279;CASANARE;85;1247;SI;33;RegiÃ³n Eje Cafetero - Antioquia
SABANALARGA;85300;CASANARE;85;3046;SI;35;RegiÃ³n Eje Cafetero - Antioquia
SACAMA;85315;CASANARE;85;1675;SI;16;RegiÃ³n Eje Cafetero - Antioquia
SAN LUIS DE PALENQUE;85325;CASANARE;85;7537;SI;100;RegiÃ³n Eje Cafetero - Antioquia
TAMARA;85400;CASANARE;85;6317;SI;35;RegiÃ³n Eje Cafetero - Antioquia
TAURAMENA;85410;CASANARE;85;21709;SI;570;RegiÃ³n Eje Cafetero - Antioquia
VILLANUEVA;85440;CASANARE;85;31727;SI;826;RegiÃ³n Eje Cafetero - Antioquia
YOPAL;85001;CASANARE;85;156942;SI;8187;RegiÃ³n Eje Cafetero - Antioquia
TRINIDAD;85430;CASANARE;85;11734;SI;98;RegiÃ³n Centro Sur
MONTERREY;85162;CASANARE;85;14828;SI;380;RegiÃ³n Centro Sur
PORE;85263;CASANARE;85;10675;SI;110;RegiÃ³n Centro Sur
AGUAZUL;85010;CASANARE;85;33440;SI;792;RegiÃ³n Centro Sur
HATO COROZAL;85125;CASANARE;85;11431;SI;65;RegiÃ³n Centro Sur
POPAYÁN;19001;CAUCA;19;277270;SI;19270;RegiÃ³n Centro Sur
ALMAGUER;19022;CAUCA;19;16523;SI;26;RegiÃ³n Centro Sur
ARGELIA;19050;CAUCA;19;20136;SI;142;RegiÃ³n Centro Sur
BALBOA;19075;CAUCA;19;18910;SI;100;RegiÃ³n Centro Sur
BOLÍVAR;19100;CAUCA;19;35837;SI;138;RegiÃ³n Centro Sur
BUENOS AIRES;19110;CAUCA;19;25257;SI;61;RegiÃ³n Centro Sur
CAJIBÍO;19130;CAUCA;19;32237;SI;167;RegiÃ³n Centro Sur
CALDONO;19137;CAUCA;19;36139;SI;140;RegiÃ³n Centro Sur
CALOTO;19142;CAUCA;19;25416;SI;257;RegiÃ³n Centro Sur
CORINTO;19212;CAUCA;19;21975;SI;115;RegiÃ³n Centro Sur
EL TAMBO;19256;CAUCA;19;38688;SI;313;RegiÃ³n Centro Sur
FLORENCIA;19290;CAUCA;19;5089;SI;63;RegiÃ³n Llano
GUACHENÉ;19300;CAUCA;19;18513;SI;88;RegiÃ³n Llano
INZA;19355;CAUCA;19;26571;SI;154;RegiÃ³n Llano
JAMBALÓ;19364;CAUCA;19;16353;SI;41;RegiÃ³n Llano
LA SIERRA;19392;CAUCA;19;9935;SI;62;RegiÃ³n Llano
LA VEGA;19397;CAUCA;19;19777;SI;107;RegiÃ³n Llano
MERCADERES;19450;CAUCA;19;14824;SI;131;RegiÃ³n Llano
MIRANDA;19455;CAUCA;19;28662;SI;338;RegiÃ³n Llano
MORALES;19473;CAUCA;19;29737;SI;124;RegiÃ³n Llano
PADILLA;19513;CAUCA;19;8763;SI;45;RegiÃ³n Llano
PÁEZ;19517;CAUCA;19;37666;SI;77;RegiÃ³n Llano
PATÍA;19532;CAUCA;19;28586;SI;356;RegiÃ³n Llano
PIAMONTE;19533;CAUCA;19;7125;SI;51;RegiÃ³n Llano
PIENDAMÓ;19548;CAUCA;19;33431;SI;527;RegiÃ³n Llano
PUERTO TEJADA;19573;CAUCA;19;40244;SI;652;RegiÃ³n Llano
PURACÉ (COCONUCO);19585;CAUCA;19;14952;SI;102;RegiÃ³n Llano
ROSAS;19622;CAUCA;19;9336;SI;93;RegiÃ³n Llano
SAN SEBASTIÁN;19693;CAUCA;19;9806;SI;67;RegiÃ³n Llano
SANTANDER DE QUILICHAO;19698;CAUCA;19;96032;SI;1597;RegiÃ³n Llano
SANTA ROSA;19701;CAUCA;19;5045;SI;51;RegiÃ³n PacÃ­fico
SILVIA;19743;CAUCA;19;33508;SI;331;RegiÃ³n PacÃ­fico
SOTARÁ (Paispamba);19760;CAUCA;19;11958;SI;57;RegiÃ³n PacÃ­fico
SUÁREZ;19780;CAUCA;19;19690;SI;52;RegiÃ³n PacÃ­fico
SUCRE;19785;CAUCA;19;6201;SI;102;RegiÃ³n PacÃ­fico
TIMBÍO;19807;CAUCA;19;32217;SI;519;RegiÃ³n PacÃ­fico
TORIBÍO;19821;CAUCA;19;30654;SI;98;RegiÃ³n PacÃ­fico
TOTORÓ;19824;CAUCA;19;20870;SI;113;RegiÃ³n PacÃ­fico
VILLA RICA;19845;CAUCA;19;18761;SI;213;RegiÃ³n PacÃ­fico
GUAPI;19318;CAUCA;19;24037;SI;90;RegiÃ³n PacÃ­fico
TIMBIQUÍ;19809;CAUCA;19;21618;SI;20;RegiÃ³n PacÃ­fico
LÓPEZ;19418;CAUCA;19;15154;SI;11;RegiÃ³n PacÃ­fico
AGUACHICA;20011;CESAR;20;95878;SI;2904;RegiÃ³n PacÃ­fico
AGUSTÍN CODAZZI;20013;CESAR;20;58621;SI;1588;RegiÃ³n PacÃ­fico
ASTREA;20032;CESAR;20;18434;SI;186;RegiÃ³n PacÃ­fico
BOSCONIA;20060;CESAR;20;37531;SI;931;RegiÃ³n PacÃ­fico
CHIMICHAGUA;20175;CESAR;20;30289;SI;271;RegiÃ³n PacÃ­fico
CHIRIGUANÁ;20178;CESAR;20;27006;SI;479;RegiÃ³n PacÃ­fico
CURUMANÍ;20228;CESAR;20;34838;SI;778;RegiÃ³n PacÃ­fico
EL COPEY;20238;CESAR;20;28550;SI;412;RegiÃ³n PacÃ­fico
EL PASO;20250;CESAR;20;34620;SI;437;RegiÃ³n PacÃ­fico
GAMARRA;20295;CESAR;20;12444;SI;123;RegiÃ³n PacÃ­fico
GONZALEZ;20310;CESAR;20;4053;SI;62;RegiÃ³n PacÃ­fico
LA GLORIA;20383;CESAR;20;14989;SI;315;RegiÃ³n PacÃ­fico
PAILITAS;20517;CESAR;20;16800;SI;365;RegiÃ³n PacÃ­fico
PELAYA;20550;CESAR;20;18497;SI;188;RegiÃ³n PacÃ­fico
RÍO DE ORO;20614;CESAR;20;14408;SI;253;RegiÃ³n PacÃ­fico
LA PAZ;20621;CESAR;20;26109;SI;439;RegiÃ³n PacÃ­fico
SAN ALBERTO;20710;CESAR;20;23040;SI;571;RegiÃ³n PacÃ­fico
SAN DIEGO;20750;CESAR;20;18531;SI;269;RegiÃ³n PacÃ­fico
SAN MARTÍN;20770;CESAR;20;20452;SI;717;RegiÃ³n PacÃ­fico
TAMALAMEQUE;20787;CESAR;20;14063;SI;67;RegiÃ³n PacÃ­fico
MANAURE BALCÓN DEL CESAR;20443;CESAR;20;9313;SI;136;RegiÃ³n PacÃ­fico
BECERRILL;20045;CESAR;20;20477;SI;289;RegiÃ³n PacÃ­fico
LA JAGUA DE IBIRICO;20400;CESAR;20;37356;SI;1017;RegiÃ³n PacÃ­fico
PUEBLO BELLO;20570;CESAR;20;22929;SI;187;RegiÃ³n PacÃ­fico
VALLEDUPAR;20001;CESAR;20;459349;SI;26934;RegiÃ³n PacÃ­fico
RIO IRÓ (Santa Rita);27580;CHOCÓ;27;4525;SI;10;RegiÃ³n PacÃ­fico
LLORÓ;27413;CHOCÓ;27;8928;SI;15;RegiÃ³n PacÃ­fico
EL LITORAL DEL SAN JUÁN (Docordó);27250;CHOCÓ;27;11579;SI;2;RegiÃ³n PacÃ­fico
SIPÍ;27745;CHOCÓ;27;2768;NO;0;RegiÃ³n PacÃ­fico
ISTMINA;27361;CHOCÓ;27;28087;SI;289;RegiÃ³n PacÃ­fico
BAGADÓ;27073;CHOCÓ;27;10583;SI;64;RegiÃ³n Caribe
RIO QUITO (Paimadó);27600;CHOCÓ;27;7974;SI;46;RegiÃ³n Caribe
ATRATO (Yuto);27050;CHOCÓ;27;5519;SI;64;RegiÃ³n Caribe
MEDIO ATRATO (Beté);27425;CHOCÓ;27;10140;NO;0;RegiÃ³n Caribe
NÓVITA;27491;CHOCÓ;27;8164;SI;11;RegiÃ³n Caribe
MEDIO SAN JUAN (Andagoya);27450;CHOCÓ;27;9073;SI;31;RegiÃ³n Caribe
SAN JOSÉ DEL PALMAR;27660;CHOCÓ;27;4721;SI;5;RegiÃ³n Caribe
CONDOTO;27205;CHOCÓ;27;12251;SI;45;RegiÃ³n Caribe
MEDIO BAUDÓ(Boca de Pepé);27430;CHOCÓ;27;13423;SI;22;RegiÃ³n Caribe
UNIÓN PANAMERICANA ( Animas);27810;CHOCÓ;27;6590;SI;66;RegiÃ³n Caribe
TADÓ;27787;CHOCÓ;27;17000;SI;120;RegiÃ³n Caribe
CÉRTEGUI;27160;CHOCÓ;27;4683;SI;29;RegiÃ³n Caribe
EL CANTÓN DEL SAN PABLO (Managrú);27135;CHOCÓ;27;5663;SI;21;RegiÃ³n Caribe
BAJO BAUDÓ (Pizarro);27077;CHOCÓ;27;18561;SI;46;RegiÃ³n Caribe
NUQUÍ;27495;CHOCÓ;27;3456;SI;137;RegiÃ³n Caribe
EL CARMEN;27245;CHOCÓ;27;7900;SI;401;RegiÃ³n Caribe
ALTO BAUDÓ (Pie de Pato);27025;CHOCÓ;27;23954;SI;41;RegiÃ³n Caribe
QUIBDÓ;27001;CHOCÓ;27;120679;SI;4617;RegiÃ³n Caribe
BAHÍA SOLANO (Mutis);27075;CHOCÓ;27;9417;SI;100;RegiÃ³n Caribe
BOJAYÁ (Bellavista);27099;CHOCÓ;27;11933;SI;16;RegiÃ³n Caribe
CARMEN DEL DARIÉN  (Curbaradó);27150;CHOCÓ;27;13189;SI;15;RegiÃ³n Caribe
JURADÓ;27372;CHOCÓ;27;4108;SI;5;RegiÃ³n Caribe
RIOSUCIO;27615;CHOCÓ;27;48257;SI;129;RegiÃ³n Caribe
UNGUÍA;27800;CHOCÓ;27;12192;SI;40;RegiÃ³n Caribe
ACANDÍ;27006;CHOCÓ;27;12095;SI;108;RegiÃ³n Caribe
MONTERÍA;23001;CÓRDOBA;23;433723;SI;21544;RegiÃ³n PacÃ­fico
AYAPEL;23068;CÓRDOBA;23;38816;SI;137;RegiÃ³n PacÃ­fico
BUENAVISTA;23079;CÓRDOBA;23;18344;SI;126;RegiÃ³n PacÃ­fico
CANALETE;23090;CÓRDOBA;23;14831;SI;260;RegiÃ³n PacÃ­fico
CERETÉ;23162;CÓRDOBA;23;96252;SI;2504;RegiÃ³n PacÃ­fico
CHIMÁ;23168;CÓRDOBA;23;13492;SI;97;RegiÃ³n PacÃ­fico
CHINÚ;23182;CÓRDOBA;23;42680;SI;470;RegiÃ³n PacÃ­fico
CIENAGA DE ORO;23189;CÓRDOBA;23;56278;SI;738;RegiÃ³n PacÃ­fico
COTORRA;23300;CÓRDOBA;23;16215;SI;233;RegiÃ³n PacÃ­fico
LA APARTADA;23350;CÓRDOBA;23;13742;SI;142;RegiÃ³n PacÃ­fico
LORICA;23417;CÓRDOBA;23;98491;SI;2087;RegiÃ³n PacÃ­fico
LOS CÓRDOBAS;23419;CÓRDOBA;23;15886;SI;130;RegiÃ³n PacÃ­fico
MOMIL;23464;CÓRDOBA;23;16264;SI;179;RegiÃ³n PacÃ­fico
MONTELÍBANO;23466;CÓRDOBA;23;71824;SI;1349;RegiÃ³n PacÃ­fico
MOÑITOS;23500;CÓRDOBA;23;25095;SI;238;RegiÃ³n PacÃ­fico
PLANETA RICA;23555;CÓRDOBA;23;60259;SI;920;RegiÃ³n PacÃ­fico
PUEBLO NUEVO;23570;CÓRDOBA;23;26968;SI;376;RegiÃ³n PacÃ­fico
PUERTO ESCONDIDO;23574;CÓRDOBA;23;19474;SI;200;RegiÃ³n PacÃ­fico
PURÍSIMA;23586;CÓRDOBA;23;14705;SI;76;RegiÃ³n PacÃ­fico
SAHAGÚN;23660;CÓRDOBA;23;94020;SI;1400;RegiÃ³n PacÃ­fico
SAN ANDRES DE SOTAVENTO;23670;CÓRDOBA;23;42046;SI;212;RegiÃ³n PacÃ­fico
SAN ANTERO;23672;CÓRDOBA;23;29028;SI;297;RegiÃ³n PacÃ­fico
SAN BERNARDO DEL VIENTO;23675;CÓRDOBA;23;29437;SI;222;RegiÃ³n PacÃ­fico
SAN CARLOS;23678;CÓRDOBA;23;23532;SI;172;RegiÃ³n PacÃ­fico
SAN JOSÉ DE URÉ;23682;CÓRDOBA;23;11059;SI;76;RegiÃ³n PacÃ­fico
SAN PELAYO;23686;CÓRDOBA;23;40617;SI;310;RegiÃ³n PacÃ­fico
TUCHIN;23815;CÓRDOBA;23;40033;SI;475;RegiÃ³n PacÃ­fico
VALENCIA;23855;CÓRDOBA;23;30545;SI;174;RegiÃ³n PacÃ­fico
PUERTO LIBERTADOR;23580;CÓRDOBA;23;35362;SI;281;RegiÃ³n PacÃ­fico
TIERRALTA;23807;CÓRDOBA;23;86578;SI;529;RegiÃ³n PacÃ­fico
AGUA DE DIOS;25001;CUNDINAMARCA;25;10742;SI;398;RegiÃ³n PacÃ­fico
ALBÁN;25019;CUNDINAMARCA;25;6136;SI;95;RegiÃ³n Centro Oriente
ANAPOIMA;25035;CUNDINAMARCA;25;12241;SI;349;RegiÃ³n Centro Oriente
ANOLAIMA;25040;CUNDINAMARCA;25;12204;SI;172;RegiÃ³n Centro Oriente
ARBELÁEZ;25053;CUNDINAMARCA;25;10005;SI;206;RegiÃ³n Centro Oriente
BELTRÁN;25086;CUNDINAMARCA;25;1720;SI;6;RegiÃ³n Centro Oriente
BITUIMA;25095;CUNDINAMARCA;25;2224;SI;11;RegiÃ³n Centro Oriente
BOJACÁ;25099;CUNDINAMARCA;25;9674;SI;238;RegiÃ³n Centro Oriente
CABRERA;25120;CUNDINAMARCA;25;4512;SI;26;RegiÃ³n Centro Oriente
CACHIPAY;25123;CUNDINAMARCA;25;9274;SI;105;RegiÃ³n Centro Oriente
CAJICÁ;25126;CUNDINAMARCA;25;81111;SI;5826;RegiÃ³n Centro Oriente
CAPARRAPI;25148;CUNDINAMARCA;25;10301;SI;85;RegiÃ³n Centro Oriente
CÁQUEZA;25151;CUNDINAMARCA;25;15594;SI;472;RegiÃ³n Centro Oriente
CARMEN DE CARUPA;25154;CUNDINAMARCA;25;7345;SI;83;RegiÃ³n Centro Oriente
CHAGUANÍ;25168;CUNDINAMARCA;25;3323;SI;47;RegiÃ³n Centro Oriente
CHÍA;25175;CUNDINAMARCA;25;129613;SI;8194;RegiÃ³n Centro Oriente
CHIPAQUE;25178;CUNDINAMARCA;25;8633;SI;219;RegiÃ³n Centro Oriente
CHOACHÍ;25181;CUNDINAMARCA;25;10397;SI;171;RegiÃ³n Centro Oriente
CHOCONTÁ;25183;CUNDINAMARCA;25;19825;SI;362;RegiÃ³n Centro Oriente
COGUA;25200;CUNDINAMARCA;25;21102;SI;907;RegiÃ³n Centro Oriente
COTA;25214;CUNDINAMARCA;25;31868;SI;1412;RegiÃ³n Centro Oriente
CUCUNUBÁ;25224;CUNDINAMARCA;25;7013;SI;132;RegiÃ³n Centro Oriente
EL COLEGIO;25245;CUNDINAMARCA;25;22775;SI;409;RegiÃ³n Centro Oriente
EL PEÑON;25258;CUNDINAMARCA;25;3458;SI;11;RegiÃ³n Centro Oriente
EL ROSAL;25260;CUNDINAMARCA;25;21887;SI;504;RegiÃ³n Centro Oriente
FACATATIVÁ;25269;CUNDINAMARCA;25;136041;SI;5253;RegiÃ³n Centro Oriente
FÓMEQUE;25279;CUNDINAMARCA;25;10749;SI;101;RegiÃ³n Centro Oriente
FOSCA;25281;CUNDINAMARCA;25;5578;SI;26;RegiÃ³n Centro Oriente
FUNZA;25286;CUNDINAMARCA;25;90854;SI;4111;RegiÃ³n Centro Oriente
FUQUENE;25288;CUNDINAMARCA;25;4849;SI;63;RegiÃ³n Centro Oriente
FUSAGASUGÁ;25290;CUNDINAMARCA;25;134658;SI;6096;RegiÃ³n Centro Oriente
GACHALÁ;25293;CUNDINAMARCA;25;4378;SI;42;RegiÃ³n Centro Oriente
GACHANCIPÁ;25295;CUNDINAMARCA;25;16633;SI;502;RegiÃ³n Centro Oriente
GACHETÁ;25297;CUNDINAMARCA;25;8203;SI;129;RegiÃ³n Centro Oriente
GAMA;25299;CUNDINAMARCA;25;3055;SI;24;RegiÃ³n Centro Oriente
GIRARDOT;25307;CUNDINAMARCA;25;92903;SI;7209;RegiÃ³n Centro Oriente
GRANADA;25312;CUNDINAMARCA;25;6922;SI;129;RegiÃ³n Centro Oriente
GUACHETÁ;25317;CUNDINAMARCA;25;12405;SI;120;RegiÃ³n Centro Oriente
GUADUAS;25320;CUNDINAMARCA;25;27571;SI;777;RegiÃ³n Centro Oriente
GUASCA;25322;CUNDINAMARCA;25;14992;SI;287;RegiÃ³n Centro Oriente
GUATAQUÍ;25324;CUNDINAMARCA;25;1977;SI;32;RegiÃ³n Centro Oriente
GUATAVITA;25326;CUNDINAMARCA;25;6148;SI;80;RegiÃ³n Centro Oriente
GUAYABAL DE SÍQUIMA;25328;CUNDINAMARCA;25;3604;SI;38;RegiÃ³n Centro Oriente
GUAYABETAL;25335;CUNDINAMARCA;25;5809;SI;37;RegiÃ³n Centro Oriente
GUTIERREZ;25339;CUNDINAMARCA;25;3311;SI;4;RegiÃ³n Centro Oriente
JERUSALÉN;25368;CUNDINAMARCA;25;2025;SI;3;RegiÃ³n Centro Oriente
JUNÍN;25372;CUNDINAMARCA;25;5234;SI;20;RegiÃ³n Centro Oriente
LA CALERA;25377;CUNDINAMARCA;25;28501;SI;944;RegiÃ³n Centro Oriente
LA MESA;25386;CUNDINAMARCA;25;29452;SI;1007;RegiÃ³n Centro Oriente
LA PALMA;25394;CUNDINAMARCA;25;7708;SI;64;RegiÃ³n Centro Oriente
LA PEÑA;25398;CUNDINAMARCA;25;5429;SI;12;RegiÃ³n Centro Oriente
LA VEGA;25402;CUNDINAMARCA;25;13085;SI;290;RegiÃ³n Centro Oriente
LENGUAZAQUE;25407;CUNDINAMARCA;25;9425;SI;101;RegiÃ³n Centro Oriente
MACHETÁ;25426;CUNDINAMARCA;25;6057;SI;39;RegiÃ³n Centro Oriente
MADRID;25430;CUNDINAMARCA;25;109696;SI;4054;RegiÃ³n Centro Oriente
MANTA;25436;CUNDINAMARCA;25;3354;SI;13;RegiÃ³n Centro Oriente
MEDINA;25438;CUNDINAMARCA;25;7281;SI;99;RegiÃ³n Centro Oriente
MOSQUERA;25473;CUNDINAMARCA;25;128893;SI;5419;RegiÃ³n Centro Oriente
NARIÑO;25483;CUNDINAMARCA;25;2101;SI;16;RegiÃ³n Centro Oriente
NEMOCÓN;25486;CUNDINAMARCA;25;12198;SI;356;RegiÃ³n Centro Oriente
NILO;25488;CUNDINAMARCA;25;10555;SI;803;RegiÃ³n Centro Oriente
NIMAIMA;25489;CUNDINAMARCA;25;3086;SI;21;RegiÃ³n Centro Oriente
NOCAIMA;25491;CUNDINAMARCA;25;5211;SI;37;RegiÃ³n Centro Oriente
VENECIA;25506;CUNDINAMARCA;25;4130;SI;30;RegiÃ³n Centro Oriente
PACHO;25513;CUNDINAMARCA;25;23726;SI;492;RegiÃ³n Centro Oriente
PAIME;25518;CUNDINAMARCA;25;3865;SI;16;RegiÃ³n Centro Oriente
PANDI;25524;CUNDINAMARCA;25;4735;SI;33;RegiÃ³n Centro Oriente
PARATEBUENO;25530;CUNDINAMARCA;25;8043;SI;47;RegiÃ³n Centro Oriente
PASCA;25535;CUNDINAMARCA;25;8686;SI;79;RegiÃ³n Centro Oriente
PUERTO SALGAR;25572;CUNDINAMARCA;25;15019;SI;314;RegiÃ³n Centro Oriente
PULÍ;25580;CUNDINAMARCA;25;2525;SI;12;RegiÃ³n Centro Oriente
QUEBRADANEGRA;25592;CUNDINAMARCA;25;4453;SI;24;RegiÃ³n Centro Oriente
QUETAME;25594;CUNDINAMARCA;25;4929;SI;58;RegiÃ³n Centro Oriente
QUIPILE;25596;CUNDINAMARCA;25;6114;SI;32;RegiÃ³n Centro Oriente
APULO;25599;CUNDINAMARCA;25;7533;SI;117;RegiÃ³n Centro Oriente
RICAURTE;25612;CUNDINAMARCA;25;10788;SI;365;RegiÃ³n Centro Oriente
SAN ANTONIO DEL TEQUENDAMA;25645;CUNDINAMARCA;25;10214;SI;82;RegiÃ³n Centro Oriente
SAN BERNARDO;25649;CUNDINAMARCA;25;7417;SI;23;RegiÃ³n Centro Oriente
SAN CAYETANO;25653;CUNDINAMARCA;25;4043;SI;24;RegiÃ³n Centro Oriente
SAN FRANCISCO;25658;CUNDINAMARCA;25;9644;SI;122;RegiÃ³n Centro Oriente
SAN JUAN DE RIO SECO;25662;CUNDINAMARCA;25;7547;SI;45;RegiÃ³n Centro Oriente
SASAIMA;25718;CUNDINAMARCA;25;9807;SI;260;RegiÃ³n Centro Oriente
SESQUILÉ;25736;CUNDINAMARCA;25;11067;SI;192;RegiÃ³n Centro Oriente
SIBATÉ;25740;CUNDINAMARCA;25;32803;SI;1237;RegiÃ³n Centro Oriente
SILVANIA;25743;CUNDINAMARCA;25;20581;SI;432;RegiÃ³n Centro Oriente
SIMIJACA;25745;CUNDINAMARCA;25;11526;SI;173;RegiÃ³n Centro Oriente
SOACHA;25754;CUNDINAMARCA;25;645205;SI;22388;RegiÃ³n Centro Oriente
SOPO;25758;CUNDINAMARCA;25;24838;SI;984;RegiÃ³n Centro Oriente
SUBACHOQUE;25769;CUNDINAMARCA;25;14874;SI;289;RegiÃ³n Centro Oriente
SUESCA;25772;CUNDINAMARCA;25;15401;SI;455;RegiÃ³n Centro Oriente
SUPATÁ;25777;CUNDINAMARCA;25;4726;SI;8;RegiÃ³n Centro Oriente
SUSA;25779;CUNDINAMARCA;25;6073;SI;77;RegiÃ³n Centro Oriente
SUTATAUSA;25781;CUNDINAMARCA;25;5258;SI;139;RegiÃ³n Centro Oriente
TABIO;25785;CUNDINAMARCA;25;20602;SI;650;RegiÃ³n Centro Oriente
TAUSA;25793;CUNDINAMARCA;25;6735;SI;184;RegiÃ³n Centro Oriente
TENA;25797;CUNDINAMARCA;25;8072;SI;120;RegiÃ³n Centro Oriente
TENJO;25799;CUNDINAMARCA;25;20386;SI;483;RegiÃ³n Centro Oriente
TIBACUY;25805;CUNDINAMARCA;25;3944;SI;39;RegiÃ³n Centro Oriente
TIBIRITA;25807;CUNDINAMARCA;25;2439;SI;38;RegiÃ³n Centro Oriente
TOCAIMA;25815;CUNDINAMARCA;25;13649;SI;252;RegiÃ³n Centro Oriente
TOCANCIPÁ;25817;CUNDINAMARCA;25;39416;SI;1918;RegiÃ³n Centro Oriente
TOPAIPÍ;25823;CUNDINAMARCA;25;3537;SI;94;RegiÃ³n Centro Oriente
UBALÁ;25839;CUNDINAMARCA;25;7583;SI;125;RegiÃ³n Centro Oriente
UBAQUE;25841;CUNDINAMARCA;25;6390;SI;98;RegiÃ³n Centro Oriente
UBATE;25843;CUNDINAMARCA;25;40001;SI;1820;RegiÃ³n Centro Oriente
UNE;25845;CUNDINAMARCA;25;6902;SI;56;RegiÃ³n Centro Oriente
ÚTICA;25851;CUNDINAMARCA;25;4032;SI;45;RegiÃ³n Centro Oriente
VERGARA;25862;CUNDINAMARCA;25;6063;SI;59;RegiÃ³n Centro Oriente
VIANÍ;25867;CUNDINAMARCA;25;3806;SI;25;RegiÃ³n Centro Oriente
VILLA GÓMEZ;25871;CUNDINAMARCA;25;1712;SI;1;RegiÃ³n Centro Oriente
VILLAPINZÓN;25873;CUNDINAMARCA;25;15834;SI;215;RegiÃ³n Centro Oriente
VILLETA;25875;CUNDINAMARCA;25;25957;SI;1148;RegiÃ³n Centro Oriente
VIOTÁ;25878;CUNDINAMARCA;25;12589;SI;95;RegiÃ³n Centro Oriente
YACOPÍ;25885;CUNDINAMARCA;25;10887;SI;90;RegiÃ³n Centro Oriente
ZIPACÓN;25898;CUNDINAMARCA;25;4211;SI;57;RegiÃ³n Centro Oriente
ZIPAQUIRA;25899;CUNDINAMARCA;25;129652;SI;8489;RegiÃ³n Centro Oriente
LA GUADALUPE;94885;GUAINÍA;94;222;NO;0;RegiÃ³n Centro Oriente
INÍRIDA;94001;GUAINÍA;94;30104;SI;1197;RegiÃ³n Llano
PANÁ-PANÁ (Campo Alegre);94887;GUAINÍA;94;1182;SI;13;RegiÃ³n Llano
SAN FELIPE;94883;GUAINÍA;94;1411;SI;6;RegiÃ³n Llano
MORICHAL (Morichal Nuevo);94888;GUAINÍA;94;812;NO;0;RegiÃ³n Llano
PUERTO COLOMBIA;94884;GUAINÍA;94;1643;SI;3;RegiÃ³n Llano
MAPIRIPANA;94663;GUAINÍA;94;1011;SI;20;RegiÃ³n Llano
BARRANCO MINA;94343;GUAINÍA;94;7207;SI;60;RegiÃ³n Llano
CACAHUAL;94886;GUAINÍA;94;839;NO;0;RegiÃ³n Llano
MIRAFLORES;95200;GUAVIARE;95;5007;SI;82;RegiÃ³n Llano
EL RETORNO;95025;GUAVIARE;95;11340;SI;106;RegiÃ³n Llano
CALAMAR;95015;GUAVIARE;95;8648;SI;63;RegiÃ³n Llano
SAN JOSÉ DEL GUAVIARE;95001;GUAVIARE;95;48086;SI;1974;RegiÃ³n Llano
NEIVA;41001;HUILA;41;314526;SI;32298;RegiÃ³n Llano
ACEVEDO;41006;HUILA;41;24562;SI;160;RegiÃ³n Centro Sur
AGRADO;41013;HUILA;41;8593;SI;135;RegiÃ³n Centro Sur
AIPE;41016;HUILA;41;14817;SI;381;RegiÃ³n Centro Sur
ALGECIRAS;41020;HUILA;41;20259;SI;542;RegiÃ³n Centro Sur
ALTAMIRA;41026;HUILA;41;4169;SI;58;RegiÃ³n Centro Sur
BARAYA;41078;HUILA;41;6679;SI;135;RegiÃ³n Centro Sur
CAMPOALEGRE;41132;HUILA;41;30183;SI;909;RegiÃ³n Centro Sur
COLOMBIA;41206;HUILA;41;7040;SI;97;RegiÃ³n Centro Sur
ELÍAS;41244;HUILA;41;3736;SI;82;RegiÃ³n Centro Sur
GARZÓN;41298;HUILA;41;66311;SI;2339;RegiÃ³n Centro Sur
GIGANTE;41306;HUILA;41;22871;SI;527;RegiÃ³n Centro Sur
GUADALUPE;41319;HUILA;41;15913;SI;234;RegiÃ³n Centro Sur
ÍQUIRA;41357;HUILA;41;9064;SI;68;RegiÃ³n Centro Sur
ISNOS;41359;HUILA;41;24593;SI;554;RegiÃ³n Centro Sur
LA ARGENTINA;41378;HUILA;41;12475;SI;193;RegiÃ³n Centro Sur
LA PLATA;41396;HUILA;41;54405;SI;855;RegiÃ³n Centro Sur
NÁTAGA;41483;HUILA;41;6168;SI;75;RegiÃ³n Centro Sur
OPORAPA;41503;HUILA;41;11111;SI;164;RegiÃ³n Centro Sur
PAICOL;41518;HUILA;41;6424;SI;112;RegiÃ³n Centro Sur
PALERMO;41524;HUILA;41;24243;SI;651;RegiÃ³n Centro Sur
PALESTINA;41530;HUILA;41;10454;SI;105;RegiÃ³n Centro Sur
PITAL;41548;HUILA;41;12246;SI;113;RegiÃ³n Centro Sur
PITALITO;41551;HUILA;41;120287;SI;4869;RegiÃ³n Centro Sur
RIVERA;41615;HUILA;41;22877;SI;681;RegiÃ³n Centro Sur
SALADOBLANCO;41660;HUILA;41;10076;SI;173;RegiÃ³n Centro Sur
SAN AGUSTÍN;41668;HUILA;41;32409;SI;652;RegiÃ³n Centro Sur
SANTA MARÍA;41676;HUILA;41;10215;SI;55;RegiÃ³n Centro Sur
SUAZA;41770;HUILA;41;17376;SI;157;RegiÃ³n Centro Sur
TARQUI;41791;HUILA;41;16108;SI;250;RegiÃ³n Centro Sur
TESALIA;41797;HUILA;41;9767;SI;201;RegiÃ³n Centro Sur
TELLO;41799;HUILA;41;10273;SI;151;RegiÃ³n Centro Sur
TERUEL;41801;HUILA;41;7376;SI;163;RegiÃ³n Centro Sur
TIMANÁ;41807;HUILA;41;20919;SI;474;RegiÃ³n Centro Sur
VILLAVIEJA;41872;HUILA;41;6943;SI;144;RegiÃ³n Centro Sur
YAGUARÁ;41885;HUILA;41;7380;SI;186;RegiÃ³n Centro Sur
HOBO;41349;HUILA;41;6700;SI;141;RegiÃ³n Centro Sur
ALBANIA;44035;LA GUAJIRA;44;26940;SI;423;RegiÃ³n Centro Sur
BARRANCAS;44078;LA GUAJIRA;44;28549;SI;800;RegiÃ³n Caribe
DIBULLA;44090;LA GUAJIRA;44;36196;SI;200;RegiÃ³n Caribe
DISTRACCIÓN;44098;LA GUAJIRA;44;11934;SI;320;RegiÃ³n Caribe
EL MOLINO;44110;LA GUAJIRA;44;6963;SI;176;RegiÃ³n Caribe
FONSECA;44279;LA GUAJIRA;44;40852;SI;800;RegiÃ³n Caribe
HATONUEVO;44378;LA GUAJIRA;44;17672;SI;322;RegiÃ³n Caribe
LA JAGUA DEL PILAR;44420;LA GUAJIRA;44;2952;SI;59;RegiÃ³n Caribe
MAICAO;44430;LA GUAJIRA;44;159223;SI;3392;RegiÃ³n Caribe
MANAURE;44560;LA GUAJIRA;44;74528;SI;208;RegiÃ³n Caribe
SAN JUAN DEL CESAR;44650;LA GUAJIRA;44;46077;SI;1583;RegiÃ³n Caribe
URUMITA;44855;LA GUAJIRA;44;10198;SI;265;RegiÃ³n Caribe
VILLANUEVA;44874;LA GUAJIRA;44;24996;SI;561;RegiÃ³n Caribe
RIOHACHA;44001;LA GUAJIRA;44;177573;SI;6438;RegiÃ³n Caribe
URIBIA;44847;LA GUAJIRA;44;160711;SI;485;RegiÃ³n Caribe
ALGARROBO;47030;MAGDALENA;47;14294;SI;78;RegiÃ³n Caribe
ARIGUANÍ;47058;MAGDALENA;47;28348;SI;220;RegiÃ³n Caribe
CERRO DE SAN ANTONIO;47161;MAGDALENA;47;9225;SI;130;RegiÃ³n Caribe
CHIVOLO;47170;MAGDALENA;47;18208;SI;157;RegiÃ³n Caribe
CIÉNAGA;47189;MAGDALENA;47;118435;SI;2461;RegiÃ³n Caribe
CONCORDIA;47205;MAGDALENA;47;9681;SI;72;RegiÃ³n Caribe
EL BANCO;47245;MAGDALENA;47;59594;SI;847;RegiÃ³n Caribe
EL PIÑÓN;47258;MAGDALENA;47;17308;SI;58;RegiÃ³n Caribe
EL RETÉN;47268;MAGDALENA;47;19345;SI;156;RegiÃ³n Caribe
FUNDACIÓN;47288;MAGDALENA;47;64833;SI;1065;RegiÃ³n Caribe
GUAMAL;47318;MAGDALENA;47;25312;SI;161;RegiÃ³n Caribe
NUEVA GRANADA;47460;MAGDALENA;47;17470;SI;118;RegiÃ³n Caribe
PEDRAZA;47541;MAGDALENA;47;7569;SI;102;RegiÃ³n Caribe
PIJIÑO DEL CARMEN;47545;MAGDALENA;47;11071;SI;81;RegiÃ³n Caribe
PIVIJAY;47551;MAGDALENA;47;34374;SI;661;RegiÃ³n Caribe
PLATO;47555;MAGDALENA;47;56210;SI;851;RegiÃ³n Caribe
PUEBLO VIEJO;47570;MAGDALENA;47;26419;SI;325;RegiÃ³n Caribe
REMOLINO;47605;MAGDALENA;47;9555;SI;91;RegiÃ³n Caribe
SABANAS DE SAN ANGEL;47660;MAGDALENA;47;14060;SI;90;RegiÃ³n Caribe
SALAMINA;47675;MAGDALENA;47;9360;SI;197;RegiÃ³n Caribe
SAN SEBASTIAN DE BUENAVISTA;47692;MAGDALENA;47;18865;SI;151;RegiÃ³n Caribe
SAN ZENÓN;47703;MAGDALENA;47;11279;SI;66;RegiÃ³n Caribe
SANTA ANA;47707;MAGDALENA;47;22723;SI;296;RegiÃ³n Caribe
SANTA BÁRBARA DE PINTO;47720;MAGDALENA;47;9345;SI;18;RegiÃ³n Caribe
SITIONUEVO;47745;MAGDALENA;47;25804;SI;184;RegiÃ³n Caribe
TENERIFE;47798;MAGDALENA;47;12364;SI;222;RegiÃ³n Caribe
ZAPAYÁN;47960;MAGDALENA;47;8606;SI;75;RegiÃ³n Caribe
ZONA BANANERA;47980;MAGDALENA;47;66802;SI;403;RegiÃ³n Caribe
SANTA MARTA;47001;MAGDALENA;47;479853;SI;22490;RegiÃ³n Caribe
ARACATACA;47053;MAGDALENA;47;37476;SI;334;RegiÃ³n Caribe
ACACÍAS;50006;META;50;78199;SI;3135;RegiÃ³n Caribe
BARRANCA DE UPIA;50110;META;50;5946;SI;64;RegiÃ³n Llano
CABUYARO;50124;META;50;5432;SI;77;RegiÃ³n Llano
CASTILLA LA NUEVA;50150;META;50;13611;SI;324;RegiÃ³n Llano
CUBARRAL;50223;META;50;6377;SI;65;RegiÃ³n Llano
CUMARAL;50226;META;50;21397;SI;355;RegiÃ³n Llano
EL CALVARIO;50245;META;50;1575;SI;8;RegiÃ³n Llano
EL CASTILLO;50251;META;50;7397;SI;50;RegiÃ³n Llano
EL DORADO;50270;META;50;3699;SI;14;RegiÃ³n Llano
FUENTE DE ORO;50287;META;50;11599;SI;108;RegiÃ³n Llano
GRANADA;50313;META;50;64932;SI;1614;RegiÃ³n Llano
GUAMAL;50318;META;50;13857;SI;219;RegiÃ³n Llano
MESETAS;50330;META;50;9751;SI;82;RegiÃ³n Llano
URIBE;50370;META;50;8549;SI;52;RegiÃ³n Llano
LEJANÍAS;50400;META;50;10576;SI;42;RegiÃ³n Llano
PUERTO LÓPEZ;50573;META;50;28270;SI;771;RegiÃ³n Llano
RESTREPO;50606;META;50;17610;SI;447;RegiÃ³n Llano
SAN CARLOS DE GUAROA;50680;META;50;11512;SI;154;RegiÃ³n Llano
SAN JUAN DE ARAMA;50683;META;50;8242;SI;15;RegiÃ³n Llano
SAN JUANITO;50686;META;50;1149;NO;0;RegiÃ³n Llano
SAN MARTÍN;50689;META;50;22281;SI;260;RegiÃ³n Llano
LA MACARENA;50350;META;50;23877;SI;51;RegiÃ³n Llano
PUERTO CONCORDIA;50450;META;50;8086;SI;26;RegiÃ³n Llano
PUERTO RICO;50590;META;50;11433;SI;71;RegiÃ³n Llano
VISTAHERMOSA;50711;META;50;16525;SI;98;RegiÃ³n Llano
MAPIRIPÁN;50325;META;50;6036;SI;44;RegiÃ³n Llano
PUERTO LLERAS;50577;META;50;8982;SI;27;RegiÃ³n Llano
VILLAVICENCIO;50001;META;50;451212;SI;31527;RegiÃ³n Llano
PUERTO GAITÁN;50568;META;50;41017;SI;2210;RegiÃ³n Llano
ANCUYA;52036;NARIÑO;52;7481;SI;68;RegiÃ³n Llano
ARBOLEDA;52051;NARIÑO;52;7626;SI;186;RegiÃ³n PacÃ­fico
BELEN;52083;NARIÑO;52;5968;SI;272;RegiÃ³n PacÃ­fico
BUESACO;52110;NARIÑO;52;19951;SI;368;RegiÃ³n PacÃ­fico
COLON;52203;NARIÑO;52;7764;SI;392;RegiÃ³n PacÃ­fico
CONSACÁ;52207;NARIÑO;52;10117;SI;162;RegiÃ³n PacÃ­fico
CONTADERO;52210;NARIÑO;52;6421;SI;118;RegiÃ³n PacÃ­fico
CÓRDOBA;52215;NARIÑO;52;14827;SI;171;RegiÃ³n PacÃ­fico
CUASPUD;52224;NARIÑO;52;8975;SI;132;RegiÃ³n PacÃ­fico
CUMBAL;52227;NARIÑO;52;32672;SI;641;RegiÃ³n PacÃ­fico
CUMBITARA;52233;NARIÑO;52;5096;SI;107;RegiÃ³n PacÃ­fico
CHACHAGÜÍ;52240;NARIÑO;52;12419;SI;241;RegiÃ³n PacÃ­fico
EL PEÑOL;52254;NARIÑO;52;6223;SI;145;RegiÃ³n PacÃ­fico
EL ROSARIO;52256;NARIÑO;52;6498;SI;160;RegiÃ³n PacÃ­fico
EL TABLÓN DE GÓMEZ;52258;NARIÑO;52;13255;SI;311;RegiÃ³n PacÃ­fico
FUNES;52287;NARIÑO;52;6211;SI;87;RegiÃ³n PacÃ­fico
GUAITARILLA;52320;NARIÑO;52;10774;SI;212;RegiÃ³n PacÃ­fico
GUALMATÁN;52323;NARIÑO;52;6290;SI;75;RegiÃ³n PacÃ­fico
ILES;52352;NARIÑO;52;7112;SI;95;RegiÃ³n PacÃ­fico
IMUES;52354;NARIÑO;52;6351;SI;183;RegiÃ³n PacÃ­fico
LA CRUZ;52378;NARIÑO;52;16674;SI;898;RegiÃ³n PacÃ­fico
LA LLANADA;52385;NARIÑO;52;5321;SI;96;RegiÃ³n PacÃ­fico
LA UNIÓN;52399;NARIÑO;52;28659;SI;1230;RegiÃ³n PacÃ­fico
LINARES;52411;NARIÑO;52;8974;SI;238;RegiÃ³n PacÃ­fico
LOS ANDES;52418;NARIÑO;52;8703;SI;109;RegiÃ³n PacÃ­fico
NARIÑO;52480;NARIÑO;52;4007;SI;115;RegiÃ³n PacÃ­fico
PROVIDENCIA;52565;NARIÑO;52;4619;SI;56;RegiÃ³n PacÃ­fico
PUERRES;52573;NARIÑO;52;8446;SI;238;RegiÃ³n PacÃ­fico
PUPIALES;52585;NARIÑO;52;16431;SI;302;RegiÃ³n PacÃ­fico
RICAURTE;52612;NARIÑO;52;18067;SI;126;RegiÃ³n PacÃ­fico
SAN BERNARDO;52685;NARIÑO;52;8874;SI;152;RegiÃ³n PacÃ­fico
SAN LORENZO;52687;NARIÑO;52;16653;SI;179;RegiÃ³n PacÃ­fico
SAN PEDRO DE CARTAGO;52694;NARIÑO;52;6572;SI;139;RegiÃ³n PacÃ­fico
SANTA CRUZ (Guachavés);52699;NARIÑO;52;9869;SI;119;RegiÃ³n PacÃ­fico
SAPUYES;52720;NARIÑO;52;7041;SI;113;RegiÃ³n PacÃ­fico
TAMINANGO;52786;NARIÑO;52;15412;SI;190;RegiÃ³n PacÃ­fico
TANGUA;52788;NARIÑO;52;10331;SI;362;RegiÃ³n PacÃ­fico
TUQUERRES;52838;NARIÑO;52;42413;SI;1107;RegiÃ³n PacÃ­fico
YACUANQUER;52885;NARIÑO;52;10579;SI;251;RegiÃ³n PacÃ­fico
POTOSÍ;52560;NARIÑO;52;10186;SI;78;RegiÃ³n PacÃ­fico
IPIALES;52356;NARIÑO;52;105517;SI;4458;RegiÃ³n PacÃ­fico
ALDANA;52022;NARIÑO;52;6872;SI;129;RegiÃ³n PacÃ­fico
GUACHUCAL;52317;NARIÑO;52;18845;SI;291;RegiÃ³n PacÃ­fico
OSPINA;52506;NARIÑO;52;6488;SI;80;RegiÃ³n PacÃ­fico
PASTO;52001;NARIÑO;52;352326;SI;26663;RegiÃ³n PacÃ­fico
SANDONÁ;52683;NARIÑO;52;18859;SI;489;RegiÃ³n PacÃ­fico
MALLAMA (Piedrancha);52435;NARIÑO;52;8013;SI;136;RegiÃ³n PacÃ­fico
LA FLORIDA;52381;NARIÑO;52;9047;SI;190;RegiÃ³n PacÃ­fico
ALBÁN (San José);52019;NARIÑO;52;8197;SI;279;RegiÃ³n PacÃ­fico
EL TAMBO;52260;NARIÑO;52;12457;SI;320;RegiÃ³n PacÃ­fico
SAMANIEGO;52678;NARIÑO;52;23727;SI;264;RegiÃ³n PacÃ­fico
SAN PABLO;52693;NARIÑO;52;12929;SI;490;RegiÃ³n PacÃ­fico
BARBACOAS;52079;NARIÑO;52;34248;SI;581;RegiÃ³n PacÃ­fico
POLICARPA;52540;NARIÑO;52;8149;SI;221;RegiÃ³n PacÃ­fico
TUMACO;52835;NARIÑO;52;138091;SI;2460;RegiÃ³n PacÃ­fico
MAGÜÍ (Payán);52427;NARIÑO;52;18262;SI;212;RegiÃ³n PacÃ­fico
LEIVA;52405;NARIÑO;52;8201;SI;82;RegiÃ³n PacÃ­fico
ROBERTO PAYÁN (San José);52621;NARIÑO;52;10473;SI;63;RegiÃ³n PacÃ­fico
FRANCISCO PIZARRO (Salahonda);52520;NARIÑO;52;7430;SI;49;RegiÃ³n PacÃ­fico
MOSQUERA;52473;NARIÑO;52;10206;SI;63;RegiÃ³n PacÃ­fico
OLAYA HERRERA (Bocas de Satinga);52490;NARIÑO;52;21415;SI;89;RegiÃ³n PacÃ­fico
SANTA BÁRBARA (Iscuandé);52696;NARIÑO;52;8989;SI;79;RegiÃ³n PacÃ­fico
LA TOLA;52390;NARIÑO;52;5847;SI;80;RegiÃ³n PacÃ­fico
EL CHARCO;52250;NARIÑO;52;21071;SI;191;RegiÃ³n PacÃ­fico
ABREGO;54003;NORTE DE SANTANDER;54;30191;SI;156;RegiÃ³n PacÃ­fico
ARBOLEDAS;54051;NORTE DE SANTANDER;54;8202;SI;43;RegiÃ³n Centro Oriente
CÁCOTA;54125;NORTE DE SANTANDER;54;2733;SI;26;RegiÃ³n Centro Oriente
CHINÁCOTA;54172;NORTE DE SANTANDER;54;16021;SI;241;RegiÃ³n Centro Oriente
CHITAGÀ;54174;NORTE DE SANTANDER;54;10554;SI;84;RegiÃ³n Centro Oriente
CONVENCIÓN;54206;NORTE DE SANTANDER;54;18112;SI;80;RegiÃ³n Centro Oriente
CUCUTILLA;54223;NORTE DE SANTANDER;54;7648;SI;62;RegiÃ³n Centro Oriente
EL CARMEN;54245;NORTE DE SANTANDER;54;12001;SI;27;RegiÃ³n Centro Oriente
EL TARRA;54250;NORTE DE SANTANDER;54;19075;SI;87;RegiÃ³n Centro Oriente
HERRÁN;54347;NORTE DE SANTANDER;54;4702;SI;43;RegiÃ³n Centro Oriente
LA ESPERANZA;54385;NORTE DE SANTANDER;54;11040;SI;73;RegiÃ³n Centro Oriente
LA PLAYA;54398;NORTE DE SANTANDER;54;7237;SI;17;RegiÃ³n Centro Oriente
LOURDES;54418;NORTE DE SANTANDER;54;3609;SI;28;RegiÃ³n Centro Oriente
MUTISCUA;54480;NORTE DE SANTANDER;54;3891;SI;36;RegiÃ³n Centro Oriente
PAMPLONITA;54520;NORTE DE SANTANDER;54;4944;SI;72;RegiÃ³n Centro Oriente
PUERTO SANTANDER;54553;NORTE DE SANTANDER;54;8139;SI;169;RegiÃ³n Centro Oriente
RAGONVALIA;54599;NORTE DE SANTANDER;54;5420;SI;73;RegiÃ³n Centro Oriente
SALAZAR;54660;NORTE DE SANTANDER;54;8768;SI;102;RegiÃ³n Centro Oriente
SAN CALIXTO;54670;NORTE DE SANTANDER;54;9961;SI;35;RegiÃ³n Centro Oriente
SAN CAYETANO;54673;NORTE DE SANTANDER;54;6677;SI;165;RegiÃ³n Centro Oriente
SANTIAGO;54680;NORTE DE SANTANDER;54;3087;SI;54;RegiÃ³n Centro Oriente
SILOS;54743;NORTE DE SANTANDER;54;5713;SI;39;RegiÃ³n Centro Oriente
TEORAMA;54800;NORTE DE SANTANDER;54;12727;SI;59;RegiÃ³n Centro Oriente
TIBÚ;54810;NORTE DE SANTANDER;54;51399;SI;878;RegiÃ³n Centro Oriente
VILLA CARO;54871;NORTE DE SANTANDER;54;4602;SI;39;RegiÃ³n Centro Oriente
HACARÍ;54344;NORTE DE SANTANDER;54;9745;SI;27;RegiÃ³n Centro Oriente
SARDINATA;54720;NORTE DE SANTANDER;54;21243;SI;268;RegiÃ³n Centro Oriente
VILLA DEL ROSARIO;54874;NORTE DE SANTANDER;54;93735;SI;3185;RegiÃ³n Centro Oriente
LABATECA;54377;NORTE DE SANTANDER;54;5550;SI;63;RegiÃ³n Centro Oriente
PAMPLONA;54518;NORTE DE SANTANDER;54;45521;SI;2315;RegiÃ³n Centro Oriente
TOLEDO;54820;NORTE DE SANTANDER;54;14962;SI;167;RegiÃ³n Centro Oriente
BOCHALEMA;54099;NORTE DE SANTANDER;54;6972;SI;109;RegiÃ³n Centro Oriente
DURANIA;54239;NORTE DE SANTANDER;54;4390;SI;44;RegiÃ³n Centro Oriente
CÁCHIRA;54128;NORTE DE SANTANDER;54;8642;SI;26;RegiÃ³n Centro Oriente
LOS PATIOS;54405;NORTE DE SANTANDER;54;81411;SI;3497;RegiÃ³n Centro Oriente
GRAMALOTE;54313;NORTE DE SANTANDER;54;6408;SI;75;RegiÃ³n Centro Oriente
BUCARASICA;54109;NORTE DE SANTANDER;54;4698;SI;36;RegiÃ³n Centro Oriente
EL ZULIA;54261;NORTE DE SANTANDER;54;26019;SI;547;RegiÃ³n Centro Oriente
OCAÑA;54498;NORTE DE SANTANDER;54;111643;SI;2917;RegiÃ³n Centro Oriente
CÚCUTA;54001;NORTE DE SANTANDER;54;629414;SI;34310;RegiÃ³n Centro Oriente
COLÓN;86219;PUTUMAYO;86;5204;SI;123;RegiÃ³n Centro Oriente
PUERTO CAICEDO;86569;PUTUMAYO;86;11122;SI;192;RegiÃ³n Centro Sur
SIBUNDOY;86749;PUTUMAYO;86;14104;SI;529;RegiÃ³n Centro Sur
SANTIAGO;86760;PUTUMAYO;86;6836;SI;117;RegiÃ³n Centro Sur
VALLE DEL GUAMUEZ;86865;PUTUMAYO;86;27455;SI;488;RegiÃ³n Centro Sur
SAN MIGUEL (La Dorada);86757;PUTUMAYO;86;14054;SI;171;RegiÃ³n Centro Sur
PUERTO ASÍS;86568;PUTUMAYO;86;57255;SI;1301;RegiÃ³n Centro Sur
PUERTO LEGUÍZAMO;86573;PUTUMAYO;86;20045;SI;172;RegiÃ³n Centro Sur
ORITO;86320;PUTUMAYO;86;33003;SI;784;RegiÃ³n Centro Sur
PUERTO GUZMÁN;86571;PUTUMAYO;86;17495;SI;196;RegiÃ³n Centro Sur
VILLAGARZÓN;86885;PUTUMAYO;86;22630;SI;903;RegiÃ³n Centro Sur
SAN FRANCISCO;86755;PUTUMAYO;86;5572;SI;100;RegiÃ³n Centro Sur
MOCOA;86001;PUTUMAYO;86;48422;SI;2660;RegiÃ³n Centro Sur
ARMENIA;63001;QUINDÍO;63;275641;SI;22979;RegiÃ³n Centro Sur
BUENAVISTA;63111;QUINDÍO;63;2741;SI;64;RegiÃ³n Eje Cafetero - Antioquia
CALARCA;63130;QUINDÍO;63;70662;SI;3353;RegiÃ³n Eje Cafetero - Antioquia
CIRCASIA;63190;QUINDÍO;63;27135;SI;866;RegiÃ³n Eje Cafetero - Antioquia
CÓRDOBA;63212;QUINDÍO;63;5535;SI;113;RegiÃ³n Eje Cafetero - Antioquia
FILANDIA;63272;QUINDÍO;63;11345;SI;367;RegiÃ³n Eje Cafetero - Antioquia
GÉNOVA;63302;QUINDÍO;63;7121;SI;189;RegiÃ³n Eje Cafetero - Antioquia
LA TEBAIDA;63401;QUINDÍO;63;32564;SI;964;RegiÃ³n Eje Cafetero - Antioquia
MONTENEGRO;63470;QUINDÍO;63;35324;SI;1101;RegiÃ³n Eje Cafetero - Antioquia
PIJAO;63548;QUINDÍO;63;4877;SI;186;RegiÃ³n Eje Cafetero - Antioquia
QUIMBAYA;63594;QUINDÍO;63;29117;SI;923;RegiÃ³n Eje Cafetero - Antioquia
SALENTO;63690;QUINDÍO;63;7578;SI;336;RegiÃ³n Eje Cafetero - Antioquia
PEREIRA;66001;RISARALDA;66;409670;SI;30284;RegiÃ³n Eje Cafetero - Antioquia
APÍA;66045;RISARALDA;66;10707;SI;152;RegiÃ³n Eje Cafetero - Antioquia
BELÉN DE UMBRÍA;66088;RISARALDA;66;21450;SI;483;RegiÃ³n Eje Cafetero - Antioquia
GUÁTICA;66318;RISARALDA;66;11532;SI;96;RegiÃ³n Eje Cafetero - Antioquia
LA CELIA;66383;RISARALDA;66;6178;SI;88;RegiÃ³n Eje Cafetero - Antioquia
LA VIRGINIA;66400;RISARALDA;66;25900;SI;1407;RegiÃ³n Eje Cafetero - Antioquia
MARSELLA;66440;RISARALDA;66;15455;SI;161;RegiÃ³n Eje Cafetero - Antioquia
PUEBLO RICO;66572;RISARALDA;66;14429;SI;138;RegiÃ³n Eje Cafetero - Antioquia
QUINCHIA;66594;RISARALDA;66;25213;SI;297;RegiÃ³n Eje Cafetero - Antioquia
SANTA ROSA DE CABAL;66682;RISARALDA;66;71174;SI;2694;RegiÃ³n Eje Cafetero - Antioquia
SANTUARIO;66687;RISARALDA;66;11787;SI;175;RegiÃ³n Eje Cafetero - Antioquia
BALBOA;66075;RISARALDA;66;5009;SI;67;RegiÃ³n Eje Cafetero - Antioquia
MISTRATÓ;66456;RISARALDA;66;16203;SI;132;RegiÃ³n Eje Cafetero - Antioquia
DOSQUEBRADAS;66170;RISARALDA;66;194890;SI;9433;RegiÃ³n Eje Cafetero - Antioquia
AGUADA;68013;SANTANDER;68;1662;SI;10;RegiÃ³n Eje Cafetero - Antioquia
ALBANIA;68020;SANTANDER;68;3317;SI;15;RegiÃ³n Centro Oriente
ARATOCA;68051;SANTANDER;68;7913;SI;135;RegiÃ³n Centro Oriente
BARBOSA;68077;SANTANDER;68;28769;SI;887;RegiÃ³n Centro Oriente
BARICHARA;68079;SANTANDER;68;7647;SI;49;RegiÃ³n Centro Oriente
BARRANCABERMEJA;68081;SANTANDER;68;199564;SI;13707;RegiÃ³n Centro Oriente
BETULIA;68092;SANTANDER;68;5230;SI;41;RegiÃ³n Centro Oriente
BOLIVAR;68101;SANTANDER;68;9567;SI;71;RegiÃ³n Centro Oriente
CABRERA;68121;SANTANDER;68;1621;SI;4;RegiÃ³n Centro Oriente
CALIFORNIA;68132;SANTANDER;68;1832;SI;52;RegiÃ³n Centro Oriente
CAPITANEJO;68147;SANTANDER;68;5328;SI;66;RegiÃ³n Centro Oriente
CARCASÍ;68152;SANTANDER;68;4130;SI;21;RegiÃ³n Centro Oriente
CEPITÁ;68160;SANTANDER;68;1869;SI;7;RegiÃ³n Centro Oriente
CERRITO;68162;SANTANDER;68;6460;SI;92;RegiÃ³n Centro Oriente
CHARALA;68167;SANTANDER;68;11035;SI;162;RegiÃ³n Centro Oriente
CHARTA;68169;SANTANDER;68;2824;SI;7;RegiÃ³n Centro Oriente
CHIMA;68176;SANTANDER;68;2364;SI;13;RegiÃ³n Centro Oriente
CHIPATÁ;68179;SANTANDER;68;4341;SI;29;RegiÃ³n Centro Oriente
CIMITARRA;68190;SANTANDER;68;25782;SI;460;RegiÃ³n Centro Oriente
CONCEPCIÓN;68207;SANTANDER;68;5300;SI;17;RegiÃ³n Centro Oriente
CONFINES;68209;SANTANDER;68;2915;SI;21;RegiÃ³n Centro Oriente
CONTRATACIÓN;68211;SANTANDER;68;3296;SI;68;RegiÃ³n Centro Oriente
COROMORO;68217;SANTANDER;68;4816;SI;22;RegiÃ³n Centro Oriente
CURITÍ;68229;SANTANDER;68;11653;SI;87;RegiÃ³n Centro Oriente
EL CARMEN DE CHUCURI;68235;SANTANDER;68;17638;SI;91;RegiÃ³n Centro Oriente
EL GUACAMAYO;68245;SANTANDER;68;1643;SI;8;RegiÃ³n Centro Oriente
EL PEÑÓN;68250;SANTANDER;68;4097;SI;29;RegiÃ³n Centro Oriente
EL PLAYÓN;68255;SANTANDER;68;12966;SI;127;RegiÃ³n Centro Oriente
ENCINO;68264;SANTANDER;68;2334;SI;3;RegiÃ³n Centro Oriente
ENCISO;68266;SANTANDER;68;3394;SI;33;RegiÃ³n Centro Oriente
FLORIÁN;68271;SANTANDER;68;4603;SI;23;RegiÃ³n Centro Oriente
FLORIDABLANCA;68276;SANTANDER;68;275109;SI;13331;RegiÃ³n Centro Oriente
GALÁN;68296;SANTANDER;68;2682;SI;4;RegiÃ³n Centro Oriente
GÁMBITA;68298;SANTANDER;68;3529;SI;23;RegiÃ³n Centro Oriente
GUACA;68318;SANTANDER;68;5762;SI;57;RegiÃ³n Centro Oriente
GUADALUPE;68320;SANTANDER;68;3880;SI;13;RegiÃ³n Centro Oriente
GUAPOTÁ;68322;SANTANDER;68;2052;SI;16;RegiÃ³n Centro Oriente
GUAVATÁ;68324;SANTANDER;68;3751;SI;21;RegiÃ³n Centro Oriente
GÜEPSA;68327;SANTANDER;68;4405;SI;61;RegiÃ³n Centro Oriente
HATO;68344;SANTANDER;68;2120;SI;12;RegiÃ³n Centro Oriente
JESÚS MARÍA;68368;SANTANDER;68;2991;SI;12;RegiÃ³n Centro Oriente
JORDÁN SUBE;68370;SANTANDER;68;1163;SI;2;RegiÃ³n Centro Oriente
LA BELLEZA;68377;SANTANDER;68;5505;SI;54;RegiÃ³n Centro Oriente
LANDÁZURI;68385;SANTANDER;68;9238;SI;89;RegiÃ³n Centro Oriente
LA PAZ;68397;SANTANDER;68;3989;SI;59;RegiÃ³n Centro Oriente
LEBRÍJA;68406;SANTANDER;68;37214;SI;481;RegiÃ³n Centro Oriente
LOS SANTOS;68418;SANTANDER;68;12433;SI;80;RegiÃ³n Centro Oriente
MACARAVITA;68425;SANTANDER;68;2130;SI;10;RegiÃ³n Centro Oriente
MÁLAGA;68432;SANTANDER;68;19884;SI;691;RegiÃ³n Centro Oriente
MATANZA;68444;SANTANDER;68;4499;SI;37;RegiÃ³n Centro Oriente
MOGOTES;68464;SANTANDER;68;10165;SI;39;RegiÃ³n Centro Oriente
MOLAGAVITA;68468;SANTANDER;68;3915;SI;16;RegiÃ³n Centro Oriente
OCAMONTE;68498;SANTANDER;68;4537;SI;30;RegiÃ³n Centro Oriente
OIBA;68500;SANTANDER;68;10117;SI;128;RegiÃ³n Centro Oriente
ONZAGA;68502;SANTANDER;68;3955;SI;50;RegiÃ³n Centro Oriente
PALMAR;68522;SANTANDER;68;1253;SI;5;RegiÃ³n Centro Oriente
PALMAS DEL SOCORRO;68524;SANTANDER;68;2467;SI;30;RegiÃ³n Centro Oriente
PÁRAMO;68533;SANTANDER;68;4144;SI;95;RegiÃ³n Centro Oriente
PIEDECUESTA;68547;SANTANDER;68;157425;SI;6205;RegiÃ³n Centro Oriente
PINCHOTE;68549;SANTANDER;68;4508;SI;57;RegiÃ³n Centro Oriente
PUENTE NACIONAL;68572;SANTANDER;68;12586;SI;180;RegiÃ³n Centro Oriente
PUERTO PARRA;68573;SANTANDER;68;6861;SI;24;RegiÃ³n Centro Oriente
PUERTO WILCHES;68575;SANTANDER;68;31698;SI;217;RegiÃ³n Centro Oriente
RIONEGRO;68615;SANTANDER;68;25266;SI;285;RegiÃ³n Centro Oriente
SABANA DE TORRES;68655;SANTANDER;68;27845;SI;558;RegiÃ³n Centro Oriente
SAN ANDRES;68669;SANTANDER;68;8035;SI;102;RegiÃ³n Centro Oriente
SAN BENITO;68673;SANTANDER;68;2706;SI;17;RegiÃ³n Centro Oriente
SAN GIL;68679;SANTANDER;68;54687;SI;2630;RegiÃ³n Centro Oriente
SAN JOAQUÍN;68682;SANTANDER;68;2167;SI;41;RegiÃ³n Centro Oriente
SAN JOSÉ DE MIRANDA;68684;SANTANDER;68;4153;SI;44;RegiÃ³n Centro Oriente
SAN MIGUEL;68686;SANTANDER;68;2433;SI;17;RegiÃ³n Centro Oriente
SAN VICENTE DE CHUCURI;68689;SANTANDER;68;29427;SI;437;RegiÃ³n Centro Oriente
SANTA BARBARA;68705;SANTANDER;68;2239;SI;14;RegiÃ³n Centro Oriente
SANTA HELENA DEL OPÓN;68720;SANTANDER;68;3166;SI;39;RegiÃ³n Centro Oriente
SIMACOTA;68745;SANTANDER;68;7842;SI;40;RegiÃ³n Centro Oriente
SOCORRO;68755;SANTANDER;68;29997;SI;979;RegiÃ³n Centro Oriente
SUAITA;68770;SANTANDER;68;8771;SI;79;RegiÃ³n Centro Oriente
SUCRE;68773;SANTANDER;68;6044;SI;39;RegiÃ³n Centro Oriente
SURATÁ;68780;SANTANDER;68;3520;SI;28;RegiÃ³n Centro Oriente
TONA;68820;SANTANDER;68;6680;SI;34;RegiÃ³n Centro Oriente
VALLE DE SAN JOSE;68855;SANTANDER;68;5648;SI;56;RegiÃ³n Centro Oriente
VÉLEZ;68861;SANTANDER;68;19376;SI;433;RegiÃ³n Centro Oriente
VETAS;68867;SANTANDER;68;1762;SI;77;RegiÃ³n Centro Oriente
VILLANUEVA;68872;SANTANDER;68;6738;SI;24;RegiÃ³n Centro Oriente
ZAPATOCA;68895;SANTANDER;68;8997;SI;90;RegiÃ³n Centro Oriente
GIRÓN;68307;SANTANDER;68;150610;SI;6463;RegiÃ³n Centro Oriente
BUCARAMANGA;68001;SANTANDER;68;528855;SI;38052;RegiÃ³n Centro Oriente
BUENAVISTA;70110;SUCRE;70;10007;SI;311;RegiÃ³n Centro Oriente
CAIMITO;70124;SUCRE;70;13331;SI;102;RegiÃ³n Caribe
RICAURTE (COLOSO);70204;SUCRE;70;7803;SI;27;RegiÃ³n Caribe
COROZAL;70215;SUCRE;70;66350;SI;1320;RegiÃ³n Caribe
COVEÑAS;70221;SUCRE;70;17091;SI;541;RegiÃ³n Caribe
CHALÁN;70230;SUCRE;70;4425;SI;19;RegiÃ³n Caribe
EL ROBLE;70233;SUCRE;70;9786;SI;63;RegiÃ³n Caribe
GALERAS;70235;SUCRE;70;20239;SI;158;RegiÃ³n Caribe
GUARANDA;70265;SUCRE;70;15618;SI;145;RegiÃ³n Caribe
LA UNIÓN;70400;SUCRE;70;11510;SI;114;RegiÃ³n Caribe
LOS PALMITOS;70418;SUCRE;70;21831;SI;225;RegiÃ³n Caribe
MAJAGUAL;70429;SUCRE;70;32622;SI;115;RegiÃ³n Caribe
MORROA;70473;SUCRE;70;14793;SI;212;RegiÃ³n Caribe
OVEJAS;70508;SUCRE;70;22384;SI;612;RegiÃ³n Caribe
PALMITO;70523;SUCRE;70;12534;SI;83;RegiÃ³n Caribe
SAMPUÉS;70670;SUCRE;70;44617;SI;531;RegiÃ³n Caribe
SAN BENITO ABAD;70678;SUCRE;70;25511;SI;92;RegiÃ³n Caribe
SAN JUAN DE BETULIA;70702;SUCRE;70;13437;SI;133;RegiÃ³n Caribe
SAN MARCOS;70708;SUCRE;70;53340;SI;568;RegiÃ³n Caribe
SAN ONOFRE;70713;SUCRE;70;47952;SI;357;RegiÃ³n Caribe
SAN PEDRO;70717;SUCRE;70;18029;SI;281;RegiÃ³n Caribe
SAN LUIS DE SINCÉ;70742;SUCRE;70;30188;SI;700;RegiÃ³n Caribe
SUCRE;70771;SUCRE;70;23971;SI;117;RegiÃ³n Caribe
SANTIAGO DE TOLÚ;70820;SUCRE;70;32012;SI;421;RegiÃ³n Caribe
TOLÚ VIEJO;70823;SUCRE;70;20033;SI;204;RegiÃ³n Caribe
SINCELEJO;70001;SUCRE;70;274622;SI;12712;RegiÃ³n Caribe
ALPUJARRA;73024;TOLIMA;73;4091;SI;21;RegiÃ³n Caribe
ALVARADO;73026;TOLIMA;73;6712;SI;124;RegiÃ³n Centro Sur
AMBALEMA;73030;TOLIMA;73;6524;SI;68;RegiÃ³n Centro Sur
ANZOÁTEGUI;73043;TOLIMA;73;7658;SI;75;RegiÃ³n Centro Sur
ARMERO;73055;TOLIMA;73;11440;SI;189;RegiÃ³n Centro Sur
ATACO;73067;TOLIMA;73;18237;SI;189;RegiÃ³n Centro Sur
CAJAMARCA;73124;TOLIMA;73;17309;SI;495;RegiÃ³n Centro Sur
CARMEN DE APICALA;73148;TOLIMA;73;9643;SI;129;RegiÃ³n Centro Sur
CASABIANCA;73152;TOLIMA;73;5496;SI;28;RegiÃ³n Centro Sur
CHAPARRAL;73168;TOLIMA;73;43795;SI;1762;RegiÃ³n Centro Sur
COELLO;73200;TOLIMA;73;7495;SI;29;RegiÃ³n Centro Sur
COYAIMA;73217;TOLIMA;73;18999;SI;358;RegiÃ³n Centro Sur
CUNDAY;73226;TOLIMA;73;7762;SI;61;RegiÃ³n Centro Sur
DOLORES;73236;TOLIMA;73;7274;SI;80;RegiÃ³n Centro Sur
ESPINAL;73268;TOLIMA;73;67983;SI;4106;RegiÃ³n Centro Sur
FALAN;73270;TOLIMA;73;6612;SI;57;RegiÃ³n Centro Sur
FLANDES;73275;TOLIMA;73;27334;SI;630;RegiÃ³n Centro Sur
FRESNO;73283;TOLIMA;73;28920;SI;608;RegiÃ³n Centro Sur
GUAMO;73319;TOLIMA;73;30516;SI;718;RegiÃ³n Centro Sur
HERVEO;73347;TOLIMA;73;6368;SI;53;RegiÃ³n Centro Sur
HONDA;73349;TOLIMA;73;23616;SI;998;RegiÃ³n Centro Sur
ICONONZO;73352;TOLIMA;73;10057;SI;71;RegiÃ³n Centro Sur
LÉRIDA;73408;TOLIMA;73;17084;SI;329;RegiÃ³n Centro Sur
LIBANO;73411;TOLIMA;73;33262;SI;819;RegiÃ³n Centro Sur
SAN SEBASTIÁN DE MARIQUITA;73443;TOLIMA;73;34505;SI;848;RegiÃ³n Centro Sur
MELGAR;73449;TOLIMA;73;34136;SI;1880;RegiÃ³n Centro Sur
MURILLO;73461;TOLIMA;73;3389;SI;19;RegiÃ³n Centro Sur
NATAGAIMA;73483;TOLIMA;73;14292;SI;258;RegiÃ³n Centro Sur
ORTEGA;73504;TOLIMA;73;29665;SI;266;RegiÃ³n Centro Sur
PALOCABILDO;73520;TOLIMA;73;9210;SI;81;RegiÃ³n Centro Sur
PIEDRAS;73547;TOLIMA;73;5574;SI;156;RegiÃ³n Centro Sur
PLANADAS;73555;TOLIMA;73;21557;SI;150;RegiÃ³n Centro Sur
PRADO;73563;TOLIMA;73;7893;SI;68;RegiÃ³n Centro Sur
PURIFICACIÓN;73585;TOLIMA;73;22682;SI;370;RegiÃ³n Centro Sur
RIOBLANCO;73616;TOLIMA;73;19090;SI;263;RegiÃ³n Centro Sur
RONCESVALLES;73622;TOLIMA;73;5161;SI;38;RegiÃ³n Centro Sur
ROVIRA;73624;TOLIMA;73;20220;SI;195;RegiÃ³n Centro Sur
SALDAÑA;73671;TOLIMA;73;14099;SI;144;RegiÃ³n Centro Sur
SAN ANTONIO;73675;TOLIMA;73;11514;SI;76;RegiÃ³n Centro Sur
SAN LUIS;73678;TOLIMA;73;12139;SI;209;RegiÃ³n Centro Sur
SANTA ISABEL;73686;TOLIMA;73;5128;SI;37;RegiÃ³n Centro Sur
SUARÉZ;73770;TOLIMA;73;3446;SI;68;RegiÃ³n Centro Sur
VALLE DE SAN JUAN;73854;TOLIMA;73;4502;SI;44;RegiÃ³n Centro Sur
VENADILLO;73861;TOLIMA;73;12137;SI;266;RegiÃ³n Centro Sur
VILLAHERMOSA;73870;TOLIMA;73;8530;SI;62;RegiÃ³n Centro Sur
VILLARRICA;73873;TOLIMA;73;5021;SI;30;RegiÃ³n Centro Sur
IBAGUÉ;73001;TOLIMA;73;500686;SI;47152;RegiÃ³n Centro Sur
ALCALÁ;76020;VALLE DEL CAUCA;76;12186;SI;260;RegiÃ³n Centro Sur
ANDALUCÍA;76036;VALLE DEL CAUCA;76;18132;SI;315;RegiÃ³n PacÃ­fico
ANSERMANUEVO;76041;VALLE DEL CAUCA;76;15668;SI;180;RegiÃ³n PacÃ­fico
ARGELIA;76054;VALLE DEL CAUCA;76;5008;SI;41;RegiÃ³n PacÃ­fico
BOLÍVAR;76100;VALLE DEL CAUCA;76;13954;SI;88;RegiÃ³n PacÃ­fico
BUGA;76111;VALLE DEL CAUCA;76;115821;SI;5405;RegiÃ³n PacÃ­fico
BUGALAGRANDE;76113;VALLE DEL CAUCA;76;22052;SI;465;RegiÃ³n PacÃ­fico
CAICEDONIA;76122;VALLE DEL CAUCA;76;26357;SI;714;RegiÃ³n PacÃ­fico
CALIMA;76126;VALLE DEL CAUCA;76;16054;SI;290;RegiÃ³n PacÃ­fico
CALI;76001;VALLE DEL CAUCA;76;1822869;SI;136281;RegiÃ³n PacÃ­fico
EL ÁGUILA;76243;VALLE DEL CAUCA;76;7393;SI;33;RegiÃ³n PacÃ­fico
EL CAIRO;76246;VALLE DEL CAUCA;76;6179;SI;55;RegiÃ³n PacÃ­fico
EL CERRITO;76248;VALLE DEL CAUCA;76;53983;SI;1566;RegiÃ³n PacÃ­fico
EL DOVIO;76250;VALLE DEL CAUCA;76;8513;SI;121;RegiÃ³n PacÃ­fico
FLORIDA;76275;VALLE DEL CAUCA;76;54207;SI;1320;RegiÃ³n PacÃ­fico
GINEBRA;76306;VALLE DEL CAUCA;76;19069;SI;473;RegiÃ³n PacÃ­fico
GUACARÍ;76318;VALLE DEL CAUCA;76;30275;SI;617;RegiÃ³n PacÃ­fico
JAMUNDÍ;76364;VALLE DEL CAUCA;76;131806;SI;4393;RegiÃ³n PacÃ­fico
LA CUMBRE;76377;VALLE DEL CAUCA;76;12879;SI;113;RegiÃ³n PacÃ­fico
LA UNIÓN;76400;VALLE DEL CAUCA;76;29388;SI;475;RegiÃ³n PacÃ­fico
LA VICTORIA;76403;VALLE DEL CAUCA;76;11058;SI;181;RegiÃ³n PacÃ­fico
OBANDO;76497;VALLE DEL CAUCA;76;10970;SI;303;RegiÃ³n PacÃ­fico
PALMIRA;76520;VALLE DEL CAUCA;76;302642;SI;9290;RegiÃ³n PacÃ­fico
PRADERA;76563;VALLE DEL CAUCA;76;43552;SI;699;RegiÃ³n PacÃ­fico
RESTREPO;76606;VALLE DEL CAUCA;76;12816;SI;322;RegiÃ³n PacÃ­fico
RIOFRÍO;76616;VALLE DEL CAUCA;76;14045;SI;132;RegiÃ³n PacÃ­fico
ROLDANILLO;76622;VALLE DEL CAUCA;76;31658;SI;1237;RegiÃ³n PacÃ­fico
SAN PEDRO;76670;VALLE DEL CAUCA;76;15450;SI;262;RegiÃ³n PacÃ­fico
SEVILLA;76736;VALLE DEL CAUCA;76;36827;SI;1180;RegiÃ³n PacÃ­fico
TORO;76823;VALLE DEL CAUCA;76;12091;SI;137;RegiÃ³n PacÃ­fico
TRUJILLO;76828;VALLE DEL CAUCA;76;16688;SI;211;RegiÃ³n PacÃ­fico
TULUÁ;76834;VALLE DEL CAUCA;76;187159;SI;7271;RegiÃ³n PacÃ­fico
ULLOA;76845;VALLE DEL CAUCA;76;4844;SI;87;RegiÃ³n PacÃ­fico
VERSALLES;76863;VALLE DEL CAUCA;76;6233;SI;93;RegiÃ³n PacÃ­fico
VIJES;76869;VALLE DEL CAUCA;76;10766;SI;284;RegiÃ³n PacÃ­fico
YOTOCO;76890;VALLE DEL CAUCA;76;15325;SI;270;RegiÃ³n PacÃ­fico
YUMBO;76892;VALLE DEL CAUCA;76;95040;SI;3705;RegiÃ³n PacÃ­fico
ZARZAL;76895;VALLE DEL CAUCA;76;39343;SI;1201;RegiÃ³n PacÃ­fico
DAGUA;76233;VALLE DEL CAUCA;76;39665;SI;720;RegiÃ³n PacÃ­fico
BUENAVENTURA;76109;VALLE DEL CAUCA;76;258445;SI;3881;RegiÃ³n PacÃ­fico
CANDELARIA;76130;VALLE DEL CAUCA;76;84661;SI;2019;RegiÃ³n PacÃ­fico
CARTAGO;76147;VALLE DEL CAUCA;76;118803;SI;4574;RegiÃ³n PacÃ­fico
TARAIRA;97666;VAUPÉS;97;2010;SI;64;RegiÃ³n PacÃ­fico
PACOA (Cor. Departamental);97511;VAUPÉS;97;3956;SI;83;RegiÃ³n Llano
YAVARATÉ  (Cor. Departamental);97889;VAUPÉS;97;756;SI;42;RegiÃ³n Llano
CARURÚ;97161;VAUPÉS;97;2827;SI;43;RegiÃ³n Llano
MITÚ;97001;VAUPÉS;97;27709;SI;920;RegiÃ³n Llano
PAPUNAUA(Cor. Departamental);97777;VAUPÉS;97;432;NO;0;RegiÃ³n Llano
LA PRIMAVERA;99524;VICHADA;99;9690;SI;43;RegiÃ³n Llano
CUMARIBO;99773;VICHADA;99;43138;SI;186;RegiÃ³n Llano
PUERTO CARREÑO;99001;VICHADA;99;19788;SI;1103;RegiÃ³n Llano
SANTA ROSALÍA;99624;VICHADA;99;4026;SI;11;RegiÃ³n Llano
